1,0,0,12.39766081871345,0
1,0,0,14.941176470588236,0
1,0,0,14.650205761316872,0
1,0,0,15.218564490016192,0
1,0,0,15.0730282375852,0
0,0,0,15.238095238095237,0
0,0,0,15.384615384615385,0
0,0,0,15.869565217391305,0
1,0,0,15.92783505154639,0
1,0,0,13.076923076923077,0
0,0,0,15.619047619047619,0
1,0,0,15.6268221574344,0
1,0,0,15.453315290933693,0
1,2,0,15.058139534883722,0
0,0,0,15.714285714285714,0
1,0,0,14.765625,0
1,1,0,16.0,0
0,0,0,16.07675906183369,0
0,0,0,13.764705882352942,0
0,0,0,15.0,0
0,0,0,15.772681954137585,0
1,0,0,16.545454545454547,0
0,0,0,16.153846153846153,0
1,0,0,16.21212121212121,0
0,0,0,15.248618784530388,0
1,0,0,15.693215339233038,0
0,0,0,15.64625850340136,0
1,0,0,15.433070866141732,0
0,0,0,15.384615384615385,0
0,0,0,15.423728813559324,0
0,0,0,15.462962962962962,0
0,0,0,15.40983606557377,0
1,0,0,15.591054313099042,0
1,0,1,14.496919917864478,0
1,0,0,12.307692307692308,0
1,0,0,15.833333333333332,0
0,0,0,15.371024734982333,0
1,0,0,14.962962962962962,0
0,0,0,15.692307692307692,0
1,0,0,15.471698113207548,0
1,0,0,15.974025974025974,0
1,0,0,15.538461538461538,0
1,0,0,15.18796992481203,0
1,0,0,14.957983193277311,0
0,0,0,15.460674157303371,0
0,0,0,15.677419354838708,0
0,0,0,15.517241379310345,0
0,0,0,15.307262569832403,0
1,0,2,15.64625850340136,0
1,0,2,15.64625850340136,0
0,0,0,15.294117647058822,0
1,0,0,14.886731391585762,0
1,0,0,15.0098231827112,0
1,0,0,14.758620689655173,0
1,0,0,14.6,0
1,0,1,14.940711462450594,0
0,0,0,15.918367346938776,0
1,0,0,15.531453362255965,0
1,1,0,15.74766355140187,0
1,0,0,15.538461538461538,0
1,0,0,10.555555555555555,0
0,0,0,15.346534653465348,0
1,0,0,14.030874785591767,0
1,0,0,14.08450704225352,0
1,0,0,15.772357723577235,0
0,0,0,15.816326530612246,0
0,0,0,14.299999999999999,0
0,0,0,15.169082125603865,0
1,0,0,15.076923076923077,0
1,0,0,15.520361990950226,0
1,0,0,16.06694560669456,0
1,0,0,15.518394648829432,0
1,1,0,15.331991951710261,0
0,0,0,15.693311582381728,0
1,0,0,15.0,0
1,1,0,11.69811320754717,0
0,0,0,15.304878048780488,0
1,0,0,15.714285714285714,0
1,0,0,14.048780487804876,0
1,0,0,16.144578313253014,0
0,0,0,15.319148936170212,0
1,0,0,15.663956639566397,0
1,0,0,15.466666666666667,0
1,0,0,14.545454545454547,0
1,0,0,16.5,0
1,0,0,15.362318840579709,0
0,1,0,15.37037037037037,0
1,0,0,15.304347826086957,0
0,0,0,15.833333333333332,0
0,0,0,15.384615384615385,0
1,0,0,14.59016393442623,0
0,0,0,14.489795918367347,0
1,0,0,15.374149659863946,0
1,0,0,16.05263157894737,0
1,0,0,15.208333333333332,0
0,0,0,15.532994923857867,0
0,0,0,15.137614678899084,0
1,0,0,16.065573770491802,0
0,0,0,14.982332155477032,0
0,0,0,16.020408163265305,0
0,0,0,16.551724137931036,0
1,0,0,15.217391304347828,0
0,0,0,15.093167701863354,0
1,0,0,15.41125541125541,0
1,0,0,16.666666666666668,0
0,0,0,13.876221498371335,0
0,0,0,16.476683937823836,0
1,0,0,15.139240506329115,0
1,0,0,14.19889502762431,0
1,0,0,15.356037151702786,0
0,0,0,14.988713318284423,0
0,0,0,17.073170731707318,0
0,0,0,15.394126738794435,0
1,0,0,16.612903225806452,0
1,0,0,16.03305785123967,0
1,0,0,15.466666666666667,0
1,0,0,15.434782608695652,0
0,0,0,14.901960784313726,0
0,0,0,15.181644359464627,0
0,0,0,14.901960784313726,0
1,0,0,15.495495495495495,0
0,0,0,15.290322580645162,0
1,0,0,16.097560975609756,0
1,0,0,16.075949367088608,0
0,0,0,14.336283185840708,0
0,0,0,15.526315789473683,0
0,0,0,15.337423312883436,0
1,0,0,15.032679738562091,0
0,0,0,15.546558704453442,0
0,0,0,15.348837209302326,0
0,0,0,15.174262734584449,0
0,0,0,16.083916083916083,0
0,0,0,14.636871508379887,0
0,0,0,16.14366729678639,0
0,0,0,14.814814814814813,0
0,0,0,14.166666666666668,0
1,0,0,16.8,0
1,0,0,15.755395683453237,0
0,0,0,15.181932245922207,0
0,0,0,15.789473684210527,0
1,0,0,15.813953488372093,0
1,0,0,16.363636363636363,0
1,0,0,16.09271523178808,0
1,0,0,15.925925925925926,0
1,0,0,16.436781609195403,0
1,0,0,15.789473684210527,0
0,0,0,15.625,0
0,0,0,15.555555555555555,0
0,0,0,16.0,0
1,0,0,14.848484848484848,0
1,0,0,15.130434782608695,0
1,0,0,14.864864864864863,0
1,0,0,15.622641509433963,0
1,1,0,15.855614973262032,0
1,0,0,15.344827586206897,0
1,0,0,16.52733118971061,0
1,0,0,14.310344827586208,0
1,0,0,15.428571428571429,0
0,0,0,15.604395604395604,0
1,0,0,13.985239852398523,0
1,0,0,13.985239852398523,0
1,0,0,13.985239852398523,0
1,0,0,13.985239852398523,0
1,0,0,13.985239852398523,0
1,0,0,13.985239852398523,0
0,0,0,16.451612903225808,0
1,0,0,15.324675324675326,0
1,0,0,16.09090909090909,0
1,0,0,16.02446483180428,0
1,0,0,14.676258992805755,0
0,0,0,15.528455284552845,0
0,0,0,14.857142857142858,0
1,0,0,16.393442622950822,0
0,0,0,16.00725952813067,0
0,0,0,15.142857142857142,0
1,0,0,15.623100303951368,0
0,0,0,15.0,0
1,0,0,15.476190476190476,0
1,0,0,15.148669796557122,0
1,0,0,11.515151515151516,0
1,0,0,15.609756097560975,0
0,0,0,15.458937198067632,0
1,0,0,15.740740740740742,0
0,0,0,15.448851774530272,0
1,0,0,16.046511627906977,0
1,0,0,15.873015873015872,0
0,0,0,15.766423357664234,0
0,0,0,15.15527950310559,0
0,6,12,16.228710462287104,0
0,0,0,15.731707317073171,0
0,0,0,15.880971025841816,0
1,0,0,15.689655172413792,0
1,0,0,15.714285714285714,0
1,0,0,14.752475247524753,0
0,0,0,15.526802218114602,0
0,0,0,15.576923076923077,0
0,0,0,16.296296296296294,0
0,0,0,15.317073170731707,0
1,0,0,15.820029027576197,0
0,0,0,16.48,0
1,0,0,15.813953488372093,0
1,0,0,16.470588235294116,0
1,0,0,14.411764705882353,0
1,0,0,15.244755244755243,0
0,0,0,15.439490445859875,0
0,0,0,12.972972972972974,0
0,0,0,15.463347164591978,0
1,0,0,15.686274509803921,0
0,0,0,14.864864864864863,0
0,0,0,15.324675324675326,0
0,0,0,14.974874371859297,0
0,1,0,15.355450236966826,0
0,0,0,15.025380710659899,0
1,0,0,15.384615384615385,0
0,0,0,15.45762711864407,0
0,0,0,14.82456140350877,0
1,0,0,14.166666666666668,0
1,0,0,14.82948294829483,0
0,0,0,15.294117647058822,0
1,0,0,16.125,0
0,0,0,16.156156156156158,0
1,0,0,16.164383561643834,0
0,0,0,15.0,0
1,0,0,16.274509803921568,0
0,0,0,16.283185840707965,0
0,0,0,15.918367346938776,0
0,0,0,15.50561797752809,0
1,0,0,16.074766355140188,0
1,0,0,15.530973451327434,0
1,0,0,16.07843137254902,0
1,0,0,16.05263157894737,0
1,0,0,15.376458112407212,0
1,0,0,15.414634146341463,0
1,0,0,15.853658536585368,0
1,0,0,14.902975420439846,0
1,0,0,15.0,0
1,0,0,15.636363636363637,0
1,0,0,16.4,0
1,0,0,15.694444444444445,0
1,0,0,16.041666666666668,0
1,0,0,15.507692307692306,0
1,0,0,16.19047619047619,0
0,0,0,16.434782608695652,0
1,0,0,15.443037974683545,0
0,0,0,15.632183908045977,0
0,0,0,16.290322580645164,0
1,0,0,12.995391705069125,0
1,0,0,15.449275362318842,0
1,0,0,13.076923076923077,0
1,0,0,14.863813229571985,0
1,0,0,14.0,0
1,0,0,16.45320197044335,0
1,0,0,15.555555555555555,0
0,0,0,14.037037037037036,0
1,0,0,15.254237288135592,0
1,0,0,15.239669421487603,0
0,0,0,15.596330275229358,0
0,0,0,16.170212765957444,0
0,0,0,15.555555555555555,0
1,0,0,15.625,0
1,0,0,15.844155844155845,0
1,1,0,16.037735849056606,0
0,0,0,15.053003533568905,0
1,0,0,16.126126126126124,0
1,0,0,15.875299760191846,0
1,0,0,15.875299760191846,0
1,0,0,15.875299760191846,0
1,0,0,14.963503649635037,0
1,0,0,15.544041450777202,0
1,0,0,15.694444444444445,0
1,0,0,15.274725274725274,0
1,0,0,15.135135135135137,0
0,0,0,15.421686746987952,0
1,0,0,16.216216216216218,0
1,0,0,15.429864253393665,0
1,0,0,15.691489361702127,0
1,0,0,16.085409252669038,0
0,0,0,14.455445544554454,0
0,0,0,15.901639344262295,0
1,0,0,13.942307692307692,0
0,0,0,15.575221238938052,0
1,0,0,14.897959183673471,0
1,0,0,13.425925925925926,0
1,0,0,16.083916083916083,0
1,0,0,15.220125786163523,0
1,0,0,16.081632653061224,0
1,0,0,16.065573770491802,0
1,0,0,16.097560975609756,0
1,0,0,15.717439293598234,0
0,0,0,15.498721227621484,0
0,0,0,15.739348370927317,0
1,0,0,15.2,0
1,0,0,16.037735849056606,0
0,0,0,14.716981132075471,0
1,0,0,15.539568345323742,0
0,0,0,14.803149606299213,0
1,0,0,13.972602739726028,0
0,0,0,15.100401606425702,0
0,0,0,15.395072217502124,0
0,0,0,14.275862068965516,0
1,0,0,15.446153846153848,0
0,0,0,15.724815724815723,0
0,0,0,15.517241379310345,0
0,0,0,15.79214195183777,0
0,0,0,16.22222222222222,0
1,0,0,15.570934256055365,0
0,0,0,15.637149028077754,0
0,0,0,15.185185185185187,0
1,0,0,15.025641025641026,0
1,0,1,15.478260869565217,0
0,3,0,16.19047619047619,0
1,0,0,16.0,0
1,0,0,15.061728395061728,0
1,0,0,14.57777777777778,0
1,0,0,16.19753086419753,0
0,0,0,16.81818181818182,0
0,0,0,15.453384418901662,0
1,0,0,15.91549295774648,0
0,0,0,16.9811320754717,0
1,0,0,15.895196506550217,0
0,0,0,13.725490196078432,0
1,0,0,14.825174825174825,0
0,0,0,15.833333333333332,0
0,0,0,14.455445544554454,0
1,0,0,14.838709677419356,0
1,0,0,15.405405405405405,0
0,0,0,14.411764705882353,0
1,0,0,15.727002967359049,0
0,0,0,16.417910447761194,0
1,0,0,15.942857142857143,0
1,2,0,16.004273504273506,0
0,0,0,15.035460992907801,0
1,0,0,15.193798449612403,0
0,0,0,15.847639484978542,0
1,0,0,0.0,0
0,0,0,12.698412698412698,0
0,0,0,15.238095238095237,0
1,0,0,15.402298850574711,0
1,0,0,15.502958579881657,0
1,0,0,15.757575757575758,0
1,0,0,16.22641509433962,0
0,0,0,14.181818181818182,0
1,0,0,16.029411764705884,0
0,0,0,15.405405405405405,0
0,0,0,15.555555555555555,0
0,0,0,15.217391304347828,0
1,0,0,15.58139534883721,0
0,0,0,0.0,0
1,0,0,13.90134529147982,0
0,0,0,15.497076023391813,0
0,0,0,15.56930693069307,0
1,0,0,16.3265306122449,0
0,0,0,15.027422303473493,0
0,0,0,14.0,0
1,0,0,15.39906103286385,0
0,0,0,15.736434108527131,0
0,0,0,15.479876160990713,0
0,0,0,13.448084397556912,0
0,0,0,15.547945205479452,0
1,0,0,14.686346863468636,0
0,3,0,15.209302325581396,0
1,0,0,14.745562130177515,0
1,0,0,14.838709677419356,0
0,0,0,14.411764705882353,0
1,1,0,14.801324503311257,0
1,0,0,15.81787521079258,0
0,0,0,15.637393767705383,0
1,0,0,15.086705202312139,0
1,0,0,14.5,0
1,0,0,15.977900552486188,0
1,0,0,15.834445927903872,0
1,0,0,15.563139931740615,0
1,0,0,15.832780358327803,0
1,0,0,15.855855855855856,0
1,0,0,14.881720430107528,0
1,0,0,14.928774928774928,0
1,0,0,14.928774928774928,0
1,0,0,14.928774928774928,0
1,0,0,14.928774928774928,0
1,0,0,14.928774928774928,0
1,0,0,15.976331360946745,0
1,0,0,14.928774928774928,0
1,0,0,14.928774928774928,0
1,0,1,15.670103092783505,0
1,0,0,15.571336346029696,0
1,0,0,15.135135135135137,0
1,0,0,16.198830409356727,0
0,0,0,15.636704119850187,0
1,1,0,15.75,0
1,0,0,16.00985221674877,0
1,0,0,14.814814814814813,0
1,0,0,15.813953488372093,0
1,0,0,15.356489945155394,0
0,0,0,15.210312075983719,0
1,0,0,16.551724137931036,0
1,0,0,16.129032258064516,0
0,0,0,14.623655913978496,0
0,0,0,12.5,0
1,1,1,15.058823529411764,0
0,0,0,15.467196819085487,0
0,0,0,15.62982005141388,0
1,0,0,15.274261603375528,0
1,0,0,14.931506849315069,0
1,0,0,15.247666905958363,0
1,0,0,14.079999999999998,0
1,0,0,14.559999999999999,0
1,0,0,14.716981132075471,0
1,0,0,14.361702127659575,0
0,0,0,14.437086092715232,0
1,0,0,16.470588235294116,0
1,0,0,15.903614457831326,0
1,0,0,15.297805642633229,0
1,0,0,16.785714285714285,0
1,0,0,15.280898876404494,0
1,0,0,15.260663507109005,0
1,0,0,13.68421052631579,0
0,0,0,15.398230088495575,0
1,0,0,15.562310030395137,0
1,0,0,15.232558139534884,0
1,0,0,15.318181818181817,0
1,0,0,15.113636363636365,0
1,0,0,0.0,0
1,0,0,0.0,0
0,0,0,15.746268656716417,0
1,0,0,16.0,0
0,0,0,15.594059405940595,0
1,1,0,15.79520697167756,0
0,0,0,16.094276094276093,0
1,0,0,16.22641509433962,0
1,0,0,15.294117647058822,0
0,0,0,16.11111111111111,0
0,0,0,16.11814345991561,0
0,0,0,16.05263157894737,0
1,0,0,15.961538461538463,0
1,0,0,15.40909090909091,0
0,0,0,15.318066157760814,0
1,0,0,15.766990291262136,0
1,0,0,16.455696202531648,0
1,0,0,15.942622950819672,0
1,0,0,15.30864197530864,0
1,0,0,15.692307692307692,0
1,0,0,15.588235294117647,0
0,0,0,15.565217391304348,0
1,0,0,15.280263777673104,0
1,0,0,15.277777777777777,0
0,0,0,15.802005012531328,0
0,0,0,15.116279069767442,0
1,0,0,15.625,0
1,0,0,12.608695652173914,0
1,0,0,13.707165109034268,0
1,1,0,15.432098765432098,0
1,0,0,15.66003616636528,0
1,0,0,15.66003616636528,0
1,0,0,14.067796610169491,0
0,0,0,15.797101449275361,0
1,0,0,10.784313725490195,0
1,0,1,15.110132158590307,0
1,0,0,16.3953488372093,0
1,0,0,16.161616161616163,0
0,0,0,15.39906103286385,0
1,0,0,15.254237288135592,0
1,0,0,13.783783783783782,0
1,0,0,15.294117647058822,0
0,0,0,15.03623188405797,0
1,0,0,14.626865671641792,0
0,0,0,16.097560975609756,0
1,0,0,14.395061728395062,0
1,0,0,15.061728395061728,0
1,0,0,13.978494623655916,0
1,0,0,16.20253164556962,0
1,0,0,15.671641791044777,0
0,0,0,14.901960784313726,0
1,0,0,15.41633624107851,0
1,0,0,16.231884057971016,0
0,0,0,15.737704918032787,0
1,0,0,15.232558139534884,0
1,0,0,12.555282555282554,0
0,0,0,15.53191489361702,0
1,0,0,15.294117647058822,0
1,0,0,15.2,0
1,0,0,14.770889487870619,0
1,0,0,14.375,0
1,0,0,15.075376884422111,0
0,0,0,14.080717488789238,0
1,0,0,15.242718446601941,0
1,0,0,15.350877192982457,0
1,0,0,15.635359116022098,0
1,0,0,15.129533678756477,0
0,0,0,15.950413223140496,0
1,0,0,13.238095238095237,0
0,0,0,15.725190839694656,0
1,0,0,16.428571428571427,0
1,0,0,15.673469387755102,0
0,0,0,15.384615384615385,0
1,0,0,14.542728635682158,0
0,0,0,15.76086956521739,0
0,0,0,15.0,0
0,0,1,15.221719457013574,0
0,0,0,16.296296296296294,0
1,0,0,15.93939393939394,0
1,0,0,15.755627009646302,0
0,0,0,15.325131810193323,0
1,0,0,15.294117647058822,0
0,0,0,15.358361774744028,0
1,0,0,14.545454545454547,0
0,0,0,15.841059602649006,0
0,0,0,14.579439252336448,0
1,3,0,16.186046511627907,0
1,0,0,15.854495538778313,0
0,0,0,15.677966101694915,0
1,1,0,15.947712418300654,0
1,0,0,16.398104265402843,0
1,0,0,16.209150326797385,0
1,0,0,15.0,0
1,0,0,15.490196078431373,0
1,0,0,15.477031802120141,0
1,0,0,15.5,0
1,0,0,15.417558886509637,0
0,0,0,15.652173913043478,0
1,0,0,14.93421052631579,0
1,0,0,15.486486486486486,0
0,0,0,15.534482758620689,0
1,0,0,15.49425287356322,0
1,0,0,15.746606334841628,0
1,0,0,15.850931677018634,0
1,0,0,15.441478439425051,0
1,0,0,16.54320987654321,0
1,0,0,15.339805825242719,0
1,0,0,15.319148936170212,0
1,0,0,15.820895522388058,0
0,0,0,15.373913043478261,0
1,1,0,15.319567354965585,0
0,0,0,14.6875,0
0,0,0,16.103896103896105,0
0,0,0,14.63850528025995,0
1,1,0,15.83157894736842,0
0,0,0,15.211267605633802,0
1,0,0,14.860335195530727,0
1,0,0,14.680851063829788,0
1,0,0,15.88235294117647,0
0,0,0,15.348837209302326,0
1,0,0,18.0,0
1,0,0,15.444444444444445,0
0,0,0,15.97069597069597,0
1,1,0,15.255255255255255,0
1,0,0,15.616438356164384,0
1,0,0,14.476190476190476,0
1,0,0,14.430379746835442,0
1,0,0,15.925925925925926,0
1,0,0,15.795454545454547,0
1,0,0,15.279503105590063,0
1,0,0,16.176470588235293,0
1,0,0,15.93984962406015,0
1,0,2,14.942528735632184,0
0,0,0,15.450381679389313,0
1,0,0,15.828220858895705,0
1,0,0,15.178849144634526,0
1,0,0,15.565819861431871,0
1,0,0,15.48172757475083,0
0,0,0,15.783132530120483,0
0,0,0,16.164383561643834,0
0,0,0,14.86910994764398,0
1,0,0,20.0,0
1,0,0,16.06694560669456,0
0,0,0,15.428571428571429,0
0,0,0,16.0,0
0,0,0,15.765645805592543,0
1,0,0,16.26865671641791,0
1,0,0,14.410774410774412,0
1,0,0,14.410774410774412,0
1,0,0,16.025641025641026,0
1,0,0,15.476190476190476,0
0,0,0,15.833333333333332,0
0,0,0,15.102481121898597,0
1,0,0,15.657620041753653,0
0,1,0,15.52901023890785,0
0,0,0,16.257309941520468,0
0,0,0,16.393442622950822,0
1,0,0,15.736842105263158,0
1,0,0,15.6838905775076,0
1,0,1,15.953608247422682,0
1,0,1,15.953608247422682,0
1,0,1,15.953608247422682,0
1,0,0,14.339622641509433,0
1,0,0,15.833333333333332,0
1,0,0,15.714285714285714,0
1,0,0,14.878048780487806,0
0,0,1,15.130784708249497,0
0,0,0,15.044247787610619,0
0,1,0,15.76982892690513,0
1,0,0,15.131578947368421,0
0,0,0,15.399361022364218,0
1,1,0,15.45945945945946,0
0,0,0,15.69060773480663,0
0,0,0,15.185185185185187,0
1,0,0,13.333333333333332,0
1,0,0,15.789473684210527,0
1,0,0,15.555555555555555,0
1,0,0,15.829596412556054,0
0,0,0,15.774647887323942,0
0,0,0,15.397489539748953,0
1,0,0,15.214579659024103,0
0,0,0,16.8,0
1,0,0,16.097560975609756,0
0,0,0,14.689440993788821,0
1,0,0,10.952380952380953,0
0,0,0,15.658627087198516,0
1,1,0,16.33187772925764,0
0,0,0,15.408320493066256,0
0,0,0,14.228855721393035,0
1,0,0,16.16,0
1,0,0,16.31578947368421,0
1,0,0,16.379310344827587,0
0,0,0,15.126705653021443,0
0,2,0,15.310271041369472,0
1,0,1,15.670588235294119,0
1,0,0,15.519125683060109,0
1,0,0,15.596330275229358,0
1,0,0,14.705882352941178,0
1,0,0,13.134328358208956,0
0,0,0,12.553191489361701,0
1,0,0,15.846153846153845,0
1,0,0,15.402298850574711,0
1,0,0,14.385964912280702,0
0,0,0,17.058823529411764,0
1,0,0,15.576923076923077,0
0,0,0,15.615792575132588,0
0,0,0,14.545454545454547,0
0,0,0,15.0,0
1,0,0,15.438596491228068,0
0,0,0,15.555555555555555,0
1,0,0,15.88785046728972,0
0,0,0,15.734597156398104,0
1,0,0,14.90909090909091,0
1,0,0,15.950920245398772,0
1,0,0,15.833333333333332,0
1,0,0,15.862068965517242,0
1,0,0,15.862068965517242,0
1,0,0,15.428571428571429,0
1,0,0,14.666666666666666,0
1,0,0,16.071428571428573,0
1,0,0,16.470588235294116,0
0,0,0,15.28957528957529,0
1,0,0,15.087719298245615,0
0,0,0,15.789473684210527,0
0,0,0,16.19047619047619,0
0,0,0,14.892915980230644,0
0,0,0,16.875,0
0,0,0,15.934959349593496,0
0,0,0,15.813953488372093,0
1,0,0,15.443037974683545,0
1,0,0,15.37190082644628,0
1,0,0,15.159944367176635,0
1,0,0,13.121019108280255,0
1,0,0,16.8,0
1,0,0,13.470319634703197,0
1,0,0,14.80916030534351,0
1,0,0,15.609756097560975,0
1,1,0,15.789473684210527,0
1,2,0,14.700854700854702,0
1,0,0,13.252173913043478,0
1,0,0,15.460992907801419,0
1,0,0,15.533980582524272,0
1,0,0,15.892857142857142,0
1,0,0,15.797101449275361,0
0,0,0,17.2972972972973,0
0,0,0,15.454545454545453,0
1,0,0,15.526315789473683,0
0,0,0,15.75268817204301,0
1,0,0,15.975975975975976,0
1,0,0,16.3302752293578,0
0,0,0,15.229357798165138,0
1,0,0,14.0,0
0,0,0,14.605263157894736,0
0,0,0,14.705882352941178,0
1,0,0,15.806451612903224,0
1,0,0,12.592592592592593,0
1,0,0,15.918367346938776,0
0,0,0,16.049382716049383,0
1,0,0,16.27906976744186,0
1,0,0,16.54320987654321,0
0,0,0,14.736842105263158,0
1,0,0,16.31578947368421,0
1,0,0,15.698924731182796,0
0,0,0,15.089820359281436,0
1,0,0,15.506849315068493,0
1,0,0,16.19047619047619,0
0,0,0,15.88235294117647,0
1,1,0,15.591054313099042,0
1,0,0,14.746543778801843,0
1,0,0,13.666666666666668,0
1,0,0,16.097560975609756,0
1,0,0,15.172413793103448,0
1,0,1,15.773195876288659,0
1,0,0,14.339622641509433,0
0,0,0,14.296028880866427,0
1,0,0,15.609756097560975,0
1,0,0,15.584415584415584,0
1,0,0,15.939086294416242,0
1,0,0,14.964028776978417,0
0,0,0,16.056338028169016,0
1,1,0,15.242718446601941,0
1,0,0,17.142857142857142,0
1,0,0,14.97907949790795,0
1,0,0,15.555555555555555,0
0,0,0,16.28205128205128,0
1,0,0,15.51948051948052,0
0,0,0,13.692480359147027,0
0,0,0,16.41025641025641,0
0,0,0,15.11111111111111,0
0,0,0,15.321637426900585,0
1,0,0,16.666666666666668,0
1,0,0,16.842105263157894,0
0,0,0,15.18796992481203,0
1,0,2,14.51292246520875,0
1,0,0,14.956521739130435,0
1,0,0,15.576923076923077,0
1,0,0,15.600000000000001,0
0,0,0,16.341463414634145,0
0,0,0,15.162241887905605,0
1,0,0,14.634146341463413,0
1,0,0,15.211267605633802,0
0,0,0,14.375,0
0,0,0,15.468451242829829,0
0,0,0,15.376623376623378,0
0,0,0,14.969325153374234,0
0,0,0,14.222222222222223,0
0,0,0,14.601769911504425,0
0,0,0,15.0,0
1,0,0,15.862068965517242,0
1,0,0,14.757281553398059,0
1,0,0,15.810276679841897,0
1,0,0,15.598705501618122,0
1,0,0,15.817490494296578,0
0,0,0,15.294117647058822,0
1,0,0,16.109422492401215,0
1,0,0,15.806451612903224,0
0,0,0,15.122873345935728,0
0,0,0,15.534883720930232,0
1,0,0,15.36723163841808,0
0,0,0,15.195071868583163,0
1,0,0,15.223880597014926,0
0,0,0,15.637707948243992,0
0,0,0,15.479452054794521,0
0,0,0,16.119402985074625,0
0,0,0,15.804878048780488,0
1,0,0,15.80332409972299,0
1,0,0,14.8,0
1,2,0,15.596330275229358,0
0,0,0,15.5,0
1,0,0,15.2,0
1,0,1,15.15923566878981,0
1,0,1,15.03157894736842,0
1,0,0,15.148741418764303,0
1,0,0,14.964028776978417,0
1,0,0,15.014492753623188,0
1,0,0,15.235294117647058,0
0,0,0,15.301204819277107,0
1,0,0,15.743380855397149,0
0,0,0,15.684029765311964,0
1,0,0,14.776632302405499,0
1,0,0,14.519572953736654,0
1,0,0,15.9375,0
0,0,0,15.692307692307692,0
1,0,0,15.789473684210527,0
1,0,0,16.296296296296294,0
1,0,0,15.681818181818182,0
1,0,0,15.89041095890411,0
0,0,0,15.773584905660378,0
1,0,0,15.333333333333334,0
0,0,1,15.684399282725643,0
1,0,0,15.273972602739727,0
0,0,0,15.946704067321178,0
1,0,0,15.947368421052632,0
0,0,0,16.610169491525426,0
0,0,0,14.19607843137255,0
0,0,0,14.942084942084941,0
1,0,0,15.925058548009368,0
0,0,1,15.538694992412747,0
1,0,0,14.341736694677872,0
0,0,0,15.833333333333332,0
0,0,0,15.829383886255924,0
1,0,0,14.71264367816092,0
0,0,0,15.164835164835164,0
0,0,0,15.555555555555555,0
0,0,0,16.243654822335024,0
1,0,0,15.88235294117647,0
1,0,0,15.444839857651244,0
1,0,0,15.593220338983052,0
0,0,0,15.876288659793813,0
1,0,0,16.363636363636363,0
1,0,0,15.753012048192772,0
1,0,0,16.0,0
0,1,0,15.239456754824873,0
1,0,0,15.665024630541872,0
1,0,0,15.099818511796734,0
0,0,0,16.60377358490566,0
0,0,0,15.844155844155845,0
0,0,0,15.66326530612245,0
1,0,0,15.462555066079295,0
1,0,0,15.988372093023255,0
0,0,0,15.646551724137932,0
1,0,0,14.590747330960854,0
1,0,0,16.31578947368421,0
0,0,0,15.684029765311964,0
0,0,0,15.684029765311964,0
0,0,0,15.684029765311964,0
0,0,0,15.330739299610896,0
1,0,0,15.720930232558139,0
1,0,0,14.871794871794872,0
0,0,0,15.714285714285714,0
1,0,0,15.070422535211268,0
1,0,0,15.817490494296578,0
0,0,0,16.25,0
1,0,0,15.846994535519126,0
1,0,0,15.846994535519126,0
1,0,0,15.479452054794521,0
0,0,0,15.222772277227723,0
0,0,0,14.523809523809524,0
0,0,0,15.58139534883721,0
0,0,0,16.842105263157894,0
1,0,0,14.025974025974026,0
1,0,0,15.23076923076923,0
0,0,0,12.88135593220339,0
0,0,0,14.757281553398059,0
1,0,0,15.461741424802112,0
1,0,0,16.083916083916083,0
1,0,0,15.195007800312013,0
0,0,0,15.47400611620795,0
1,0,0,14.130434782608695,0
0,0,0,15.871559633027523,0
0,0,0,14.746543778801843,0
1,0,0,16.434540389972145,0
0,0,0,15.78512396694215,0
1,0,0,15.964912280701755,0
1,0,0,15.892857142857142,0
1,0,0,15.895522388059701,0
1,0,0,14.476190476190476,0
0,0,0,15.176715176715177,0
0,0,0,15.808823529411764,0
0,0,0,15.714285714285714,0
1,0,0,15.715823466092573,0
1,0,0,12.884615384615385,0
1,0,0,13.273542600896862,0
0,0,0,15.573770491803279,0
0,0,0,15.517241379310345,0
1,0,0,15.09788566953798,0
1,0,0,15.07007419620775,0
0,0,0,15.319148936170212,0
0,0,0,15.68075117370892,0
0,0,0,16.071428571428573,0
0,0,0,15.869191049913942,0
1,0,0,14.226804123711341,0
1,0,0,15.114345114345113,0
1,0,0,15.732838589981446,0
1,0,0,15.135135135135137,0
1,0,0,15.32934131736527,0
0,0,0,15.021961932650074,0
1,0,0,15.210084033613445,0
1,0,0,2.1818181818181817,0
1,0,0,14.915254237288135,0
0,0,0,15.09433962264151,0
0,0,0,15.38135593220339,0
1,0,0,12.76595744680851,0
1,0,0,16.05263157894737,0
1,0,0,16.05095541401274,0
1,1,0,16.05313092979127,0
0,0,0,15.60126582278481,0
1,0,0,16.3013698630137,0
1,0,0,16.176470588235293,0
0,0,0,15.574614065180103,0
0,0,0,15.515695067264573,0
0,0,0,15.352697095435685,0
0,0,0,15.0,0
0,0,0,16.056338028169016,0
0,0,0,15.875486381322956,0
0,0,0,15.813953488372093,0
0,0,0,16.037735849056606,0
0,0,0,15.175879396984923,0
0,1,0,15.826086956521738,0
0,0,0,14.736842105263158,0
0,0,0,15.873015873015872,0
1,0,0,16.0,0
1,1,0,15.464414957780459,0
1,0,0,16.136363636363637,0
0,0,0,15.614035087719298,0
0,0,0,15.0,0
1,0,0,14.0,0
0,0,0,15.515151515151516,0
1,0,0,15.45945945945946,0
0,0,0,14.390243902439025,0
1,0,0,15.757575757575758,0
1,0,0,15.56420233463035,0
1,0,0,14.564459930313589,0
0,0,0,16.18181818181818,0
1,0,0,13.631840796019901,0
1,0,0,15.862068965517242,0
1,0,0,15.487804878048781,0
1,0,0,14.850299401197605,0
0,0,0,14.249471458773783,0
0,0,0,14.285714285714286,0
0,0,0,15.809523809523808,0
0,0,0,16.170212765957444,0
0,0,0,16.05839416058394,0
1,0,0,15.213270142180095,0
1,0,0,15.675675675675675,0
1,0,0,15.784313725490195,0
1,0,0,14.347464671654198,0
0,0,0,15.490417136414882,0
1,0,0,15.948717948717949,0
0,0,0,15.389048991354466,0
1,0,0,15.714285714285714,0
1,0,0,15.103734439834025,0
1,0,0,15.660377358490567,0
1,0,0,16.129032258064516,0
0,0,0,16.0,0
0,0,0,15.833333333333332,0
0,0,0,15.972222222222223,0
1,0,0,14.893617021276595,0
1,0,0,16.216216216216218,0
0,0,0,15.324675324675326,0
1,0,0,15.925155925155925,0
1,0,0,14.0,0
0,0,0,16.45390070921986,0
1,0,0,15.407407407407408,0
1,0,0,16.666666666666668,0
0,0,0,15.454545454545453,0
1,0,1,15.2,0
0,0,0,15.580357142857142,0
0,0,0,15.232558139534884,0
0,0,0,15.083056478405316,0
1,0,0,15.777777777777777,0
1,0,0,15.357142857142858,0
1,0,0,16.666666666666668,0
1,0,0,15.219780219780219,0
1,0,0,15.428571428571429,0
0,0,0,11.578947368421053,0
1,0,0,15.797101449275361,0
1,0,0,14.887218045112782,0
1,0,0,13.975903614457831,0
1,0,0,14.761904761904763,0
1,0,0,15.636363636363637,0
0,0,0,15.600000000000001,0
1,0,0,14.503311258278146,0
1,0,0,15.429917550058894,0
1,0,0,14.881889763779528,0
1,0,0,15.124378109452737,0
1,0,0,15.124378109452737,0
1,0,0,15.124378109452737,0
0,0,0,15.233644859813085,0
0,0,0,14.705882352941178,0
0,0,0,14.924242424242424,0
0,0,0,15.271317829457365,0
0,0,0,15.833333333333332,0
0,0,0,15.517241379310345,0
1,0,0,15.345911949685537,0
1,0,0,14.606741573033709,0
1,0,0,12.380952380952381,0
0,0,0,14.375,0
0,0,0,15.15625,0
0,0,0,17.272727272727273,0
1,0,0,15.104166666666668,0
1,0,0,15.348837209302326,0
0,0,0,15.161290322580644,0
1,0,0,15.529411764705882,0
1,0,0,15.227722772277229,0
1,0,0,16.428571428571427,0
0,0,0,9.444444444444445,0
1,0,0,15.53072625698324,0
1,0,0,15.67398119122257,0
1,0,0,14.412698412698413,0
0,0,0,16.25,0
1,0,0,16.363636363636363,0
1,0,0,15.121951219512194,0
1,0,0,15.606936416184972,0
1,0,0,15.676088617265087,0
1,0,0,15.486725663716815,0
0,0,0,15.56420233463035,0
1,0,0,15.784753363228699,0
0,0,0,14.265975820379966,0
0,0,0,14.265975820379966,0
0,0,0,14.265975820379966,0
0,0,0,15.477031802120141,0
0,0,0,11.774193548387098,0
0,0,0,13.478260869565217,0
0,0,1,15.037037037037038,0
1,0,0,15.965130759651307,0
1,0,0,14.838709677419356,0
1,0,0,14.399999999999999,0
1,0,0,16.54320987654321,0
1,0,0,16.47887323943662,0
1,0,0,16.086956521739133,0
1,0,0,16.33587786259542,0
1,0,0,15.211267605633802,0
1,0,0,15.365853658536587,0
0,0,0,15.730337078651687,0
0,0,0,15.597826086956522,0
1,0,1,15.591836734693878,0
1,0,0,14.754098360655739,0
1,0,0,16.021505376344084,0
1,0,0,15.563636363636364,0
1,0,0,16.131528046421664,0
1,0,0,16.01783060921248,0
1,0,0,15.74468085106383,0
1,0,0,14.702702702702704,0
0,0,0,14.69135802469136,0
1,0,0,15.438596491228068,0
1,0,0,15.103092783505154,0
1,0,0,15.758323057953145,0
1,0,0,15.691318327974278,0
1,0,0,16.19047619047619,0
1,0,0,16.402877697841728,0
1,0,0,15.826771653543307,0
1,0,0,15.767195767195767,0
1,0,0,15.936507936507935,0
0,0,0,15.75,0
1,0,0,15.138121546961326,0
1,0,0,15.835051546391751,0
0,0,0,13.737373737373737,0
1,0,0,15.518207282913165,0
1,0,0,15.132743362831857,0
1,0,0,15.940594059405942,0
1,2,0,15.423476968796434,0
1,0,0,15.7931638913234,0
0,1,0,15.419630156472262,0
1,0,0,15.39951573849879,0
1,0,0,16.434108527131784,0
1,0,0,15.675675675675675,0
1,0,0,16.103896103896105,0
1,0,0,16.721311475409838,0
1,0,0,15.897435897435896,0
1,0,0,15.730337078651687,0
1,1,0,16.086956521739133,0
1,0,0,15.0,0
1,0,0,15.260115606936415,0
1,0,0,16.37037037037037,0
0,0,0,15.639412997903563,0
1,0,0,13.666666666666668,0
1,0,0,15.789473684210527,0
0,0,0,14.982231698649608,0
1,0,0,15.34522885958107,0
0,1,0,15.141242937853107,0
1,0,0,15.769944341372913,0
0,0,0,15.541401273885352,0
0,0,0,17.096774193548388,0
0,0,0,14.193548387096776,0
1,0,0,15.058823529411764,0
1,0,0,15.0,0
1,0,0,15.180722891566266,0
1,0,0,16.10738255033557,0
1,0,0,15.866261398176292,0
1,0,0,16.227642276422763,0
0,0,0,15.740740740740742,0
0,0,0,15.62043795620438,0
1,0,0,15.45762711864407,0
0,0,0,15.527950310559007,0
1,0,3,15.40734109221128,0
1,0,0,15.518672199170124,0
0,0,0,15.59748427672956,0
0,0,0,14.962216624685139,0
0,0,0,15.853658536585368,0
1,1,0,15.78125,0
1,0,0,16.41025641025641,0
1,0,0,15.889570552147239,0
1,1,0,15.977653631284916,0
1,1,0,16.082474226804123,0
1,0,0,16.184615384615384,0
1,0,0,15.518394648829432,0
1,0,0,16.55773420479303,0
1,0,0,16.10958904109589,0
1,0,0,15.930232558139535,0
1,0,0,16.088560885608857,0
1,0,0,15.884146341463413,0
1,0,0,16.241610738255034,0
1,0,0,15.582329317269076,0
1,0,0,15.666666666666666,0
0,0,0,15.539305301645339,0
0,1,0,15.833333333333332,0
0,0,0,16.30252100840336,0
1,0,0,16.036036036036037,0
0,0,0,13.754940711462451,0
1,0,0,13.440000000000001,0
1,0,0,14.133333333333333,0
1,0,0,16.578947368421055,0
0,0,0,15.045045045045045,0
0,0,0,15.223880597014926,0
1,0,0,14.12639405204461,0
0,0,0,15.697940503432495,0
0,1,0,15.283648498331479,0
1,0,1,14.89010989010989,0
1,0,1,14.703557312252965,0
1,0,1,14.820717131474105,0
1,0,0,15.833333333333332,0
1,0,0,15.819209039548024,0
1,0,0,15.068493150684931,0
1,0,0,15.921052631578947,0
1,0,0,11.336032388663968,0
1,0,0,15.866666666666667,0
1,0,0,15.23219814241486,0
1,0,0,15.555555555555555,0
0,0,0,15.90643274853801,0
1,0,0,8.333333333333334,0
1,0,0,14.5,0
1,0,0,16.296296296296294,0
0,0,0,16.179775280898877,0
1,0,0,17.142857142857142,0
0,0,0,15.5,0
0,0,0,15.818181818181818,0
1,0,0,15.238095238095237,0
1,0,0,15.254237288135592,0
0,0,0,16.923076923076923,0
0,0,0,15.666666666666666,0
0,0,0,15.666666666666666,0
0,0,0,14.333333333333334,0
0,0,0,15.227272727272727,0
1,0,0,14.782608695652172,0
1,0,0,15.174825174825175,0
0,0,0,14.128440366972477,0
1,3,0,15.06876227897839,0
1,0,0,15.545454545454545,0
1,0,0,15.068493150684931,0
0,0,0,14.887892376681615,0
0,0,0,16.363636363636363,0
1,0,0,15.942028985507246,0
1,0,0,15.820895522388058,0
1,0,0,16.363636363636363,0
1,0,0,14.716981132075471,0
1,0,0,14.716981132075471,0
1,0,1,15.925155925155925,0
1,0,0,16.0,0
1,0,0,16.756756756756758,0
1,0,0,15.384615384615385,0
1,0,0,13.877551020408163,0
1,0,0,15.807365439093484,0
1,0,0,15.789473684210527,0
1,0,0,15.757575757575758,0
1,0,0,16.213017751479292,0
1,0,0,16.099585062240664,0
1,0,0,15.2,0
1,0,0,16.11111111111111,0
1,0,0,16.02787456445993,0
1,0,0,16.03448275862069,0
1,0,0,15.876288659793813,0
1,0,0,15.326797385620916,0
1,0,0,15.547169811320757,0
1,0,0,15.52511415525114,0
1,0,0,15.393939393939393,0
1,0,0,15.06398537477148,0
1,0,0,15.212765957446807,0
1,0,0,14.642857142857142,0
1,0,0,15.351351351351353,0
1,0,0,16.083333333333336,0
1,0,0,16.179775280898877,0
1,0,0,15.837320574162678,0
1,0,0,15.355450236966826,0
1,0,0,16.02536997885835,0
1,0,0,15.926680244399185,0
1,0,0,15.040650406504065,0
1,0,0,15.371428571428572,0
1,0,0,16.42201834862385,0
1,0,0,15.833333333333332,0
1,0,0,15.268456375838927,0
1,0,0,16.3265306122449,0
1,0,0,15.771971496437054,0
1,0,0,15.874125874125875,0
0,0,0,13.714285714285715,0
0,0,0,15.55984555984556,0
0,0,0,15.630550621669627,0
1,0,0,15.132743362831857,0
1,0,0,17.058823529411764,0
1,1,0,15.187713310580204,0
1,0,0,16.363636363636363,0
1,0,0,15.862068965517242,0
1,0,0,15.166051660516606,0
1,0,0,15.794871794871794,0
0,0,0,15.358024691358025,0
0,0,0,15.289256198347108,0
1,0,0,15.897435897435896,0
1,0,0,16.153846153846153,0
0,0,0,15.28169014084507,0
1,0,0,15.906499429874572,0
1,0,0,15.973895582329318,0
1,0,0,15.380281690140844,0
0,0,0,15.10548523206751,0
1,0,0,15.317220543806647,0
1,0,0,15.465465465465464,0
1,0,0,13.842696629213481,0
1,0,0,15.569358178053829,0
1,0,0,15.350553505535057,0
1,0,0,15.485232067510548,0
1,0,0,15.642023346303501,0
1,0,0,15.616438356164384,0
1,0,0,15.151515151515152,0
1,0,0,15.182481751824817,0
1,0,0,15.119047619047619,0
1,0,0,15.257731958762886,0
1,0,0,15.95505617977528,0
1,0,0,16.049382716049383,0
1,0,0,16.06425702811245,0
0,0,0,15.255255255255255,0
0,0,0,15.154285714285713,0
0,0,0,15.154285714285713,0
0,0,0,15.154285714285713,0
0,0,0,15.45205479452055,0
0,0,0,15.306859205776174,0
1,0,0,15.820379965457684,0
0,0,0,15.285359801488834,0
1,0,0,15.796178343949045,0
1,0,0,15.526315789473683,0
1,0,0,15.391705069124423,0
1,0,0,15.275590551181102,0
0,0,0,16.285714285714285,0
1,0,0,15.62043795620438,0
1,0,0,15.740740740740742,0
1,0,0,13.8135593220339,0
1,0,0,15.434083601286172,0
1,0,0,15.828220858895705,0
0,0,0,15.481335952848722,0
1,0,0,16.571428571428573,0
1,0,0,15.107296137339057,0
1,0,0,16.237623762376238,0
1,0,0,16.37795275590551,0
1,0,0,16.81159420289855,0
1,0,0,14.228855721393035,0
1,0,0,16.363636363636363,0
1,0,0,14.782608695652172,0
1,0,0,15.217391304347828,0
1,0,0,14.925816023738872,0
1,0,0,15.757575757575758,0
1,0,0,16.06969990319458,0
1,0,0,15.870967741935484,0
1,0,0,15.433070866141732,0
1,0,0,15.625,0
1,0,0,15.453194650817236,0
1,0,0,14.054054054054054,0
0,0,0,15.0,0
1,0,0,15.114503816793894,0
1,0,0,15.510204081632653,0
0,0,0,15.23076923076923,0
1,0,0,16.271186440677965,0
1,0,1,15.64625850340136,0
1,0,0,14.883720930232558,0
1,0,0,15.900277008310248,0
1,0,0,15.876288659793813,0
1,0,0,15.437616387337059,0
1,0,0,15.419222903885482,0
1,0,0,15.292682926829269,0
1,0,0,15.776081424936388,0
0,0,0,14.953271028037383,0
1,0,0,15.263157894736842,0
1,0,0,16.22222222222222,0
1,0,0,16.015625,0
0,0,0,15.737704918032787,0
0,0,0,15.270935960591132,0
1,0,0,15.18987341772152,0
1,0,0,16.19047619047619,0
1,0,0,16.290322580645164,0
0,0,0,15.086206896551724,0
1,0,0,14.454545454545455,0
1,0,0,16.3302752293578,0
1,0,0,15.944055944055943,0
0,0,0,15.809523809523808,0
1,0,0,15.595238095238095,0
1,0,0,15.570469798657719,0
1,0,0,16.06694560669456,0
1,0,0,15.049504950495049,0
1,0,0,16.613756613756614,0
0,0,0,17.142857142857142,0
1,0,0,15.666666666666666,0
0,0,0,15.679442508710801,0
1,0,0,15.076923076923077,0
1,0,0,15.505226480836235,0
0,0,0,15.54317548746518,0
0,0,0,16.0,0
1,1,0,14.645669291338583,0
0,0,0,15.298507462686569,0
0,0,0,15.604395604395604,0
1,0,0,13.529411764705884,0
0,0,0,16.444444444444443,0
1,0,1,15.5,0
0,0,0,15.757575757575758,0
0,0,0,15.475504322766572,0
0,0,0,14.25531914893617,0
0,0,0,15.583333333333334,0
0,0,0,15.789473684210527,0
1,0,0,15.897435897435896,0
1,0,0,13.948339483394834,0
0,1,0,15.671641791044777,0
1,0,0,15.662650602409638,0
0,0,0,15.228426395939085,0
0,0,0,15.153203342618385,0
0,0,0,15.515463917525773,0
0,2,0,15.600624024960998,0
1,0,0,15.736434108527131,0
0,0,0,15.642458100558658,0
1,0,0,15.0,0
0,0,0,14.311926605504588,0
0,1,0,16.3265306122449,0
1,0,0,15.132867132867133,0
1,0,0,15.555555555555555,0
1,1,0,14.755555555555555,0
0,0,0,15.169082125603865,0
1,0,0,15.696202531645568,0
1,0,0,16.11111111111111,0
1,0,0,15.80514208389716,0
1,0,1,15.774647887323942,0
1,0,0,15.918367346938776,0
1,0,0,15.0,0
0,0,0,15.980392156862745,0
1,0,0,15.172413793103448,0
1,0,0,16.451612903225808,0
0,0,0,15.925925925925926,0
1,0,0,15.517241379310345,0
1,0,0,15.517241379310345,0
0,0,0,15.428571428571429,0
0,2,0,15.600000000000001,0
0,0,0,15.844875346260388,0
0,0,0,15.78544061302682,0
1,0,0,15.294117647058822,0
1,0,0,15.812743823146944,0
1,0,0,15.689655172413792,0
1,0,0,15.558659217877096,0
1,0,0,15.384615384615385,0
1,0,0,15.494505494505495,0
1,0,0,15.294117647058822,0
1,0,0,15.408970976253297,0
1,0,0,15.69377990430622,0
1,0,0,16.428571428571427,0
1,0,0,15.855855855855856,0
1,0,0,15.899280575539569,0
1,0,0,7.931034482758621,0
1,0,0,15.135135135135137,0
0,0,0,16.0,0
0,0,0,15.483870967741936,0
1,0,0,15.616438356164384,0
1,0,0,16.589147286821706,0
0,0,0,14.452149791955618,0
1,0,0,15.661764705882353,0
1,0,0,15.753086419753085,0
1,0,0,15.938566552901023,0
1,0,0,14.545454545454547,0
1,0,2,14.808806488991888,0
0,0,0,13.123644251626898,0
0,0,0,15.797665369649804,0
1,0,0,16.037735849056606,0
1,0,0,15.96774193548387,0
1,0,0,15.903614457831326,0
1,0,0,15.051546391752577,0
0,0,0,15.319148936170212,0
0,0,0,15.736040609137056,0
0,0,0,13.694779116465863,0
0,0,0,16.153846153846153,0
0,0,0,15.305164319248828,0
1,0,0,15.45171339563863,0
0,0,0,15.675675675675675,0
1,0,0,14.399999999999999,0
1,0,0,15.482014388489208,0
0,0,0,14.946996466431095,0
0,0,0,15.024875621890548,0
0,0,0,16.0,0
1,3,0,15.56159420289855,0
1,0,0,13.454545454545455,0
0,0,0,15.670103092783505,0
1,0,0,14.651162790697674,0
1,0,0,15.719063545150503,0
0,0,0,15.037593984962406,0
0,0,0,15.535714285714286,0
1,0,0,15.61433447098976,0
0,0,0,15.568862275449103,0
1,0,0,15.278969957081545,0
0,0,0,15.681818181818182,0
0,0,0,15.668202764976959,0
0,0,0,10.666666666666666,0
1,0,0,16.189555125725338,0
0,0,0,15.9375,0
0,0,0,15.5,0
1,0,1,15.188866799204773,0
1,0,0,15.714285714285714,0
1,0,0,15.789473684210527,0
1,0,0,15.742574257425744,0
1,0,0,15.625759416767922,0
1,0,0,16.075581395348838,0
1,0,0,16.12121212121212,0
1,0,0,15.652173913043478,0
0,0,0,14.563106796116505,0
1,0,0,15.555555555555555,0
1,0,0,15.91304347826087,0
1,0,0,16.153846153846153,0
0,1,0,15.562913907284768,0
1,0,0,15.400410677618071,0
1,0,0,14.646153846153847,0
0,0,0,15.238095238095237,0
1,0,0,15.348837209302326,0
1,0,0,15.600000000000001,0
1,0,0,15.909090909090908,0
1,0,0,15.72192513368984,0
1,0,0,11.341463414634145,0
1,0,0,15.442359249329758,0
0,0,0,13.962264150943396,0
0,0,0,14.057971014492754,0
1,0,0,15.812274368231048,0
1,0,0,14.842249657064473,0
1,0,0,14.59807073954984,0
1,0,0,15.609756097560975,0
1,0,0,15.730337078651687,0
0,0,0,15.728155339805825,0
0,0,0,16.0,0
1,0,0,15.940099833610649,0
1,0,0,14.210526315789473,0
0,0,0,15.72072072072072,0
0,0,0,15.340823970037453,0
0,0,0,15.375191424196018,0
1,0,0,15.620300751879698,0
0,0,0,15.50224887556222,0
1,0,0,15.28344671201814,0
1,0,0,15.0,0
1,0,0,15.3015873015873,0
0,0,0,15.88235294117647,0
1,0,0,15.686274509803921,0
0,0,0,15.89041095890411,0
1,2,0,14.543933054393305,0
0,0,0,15.584415584415584,0
1,0,0,15.675675675675675,0
0,0,0,15.621301775147929,0
1,0,0,16.292134831460675,0
1,0,0,14.490566037735848,0
1,0,0,15.543478260869566,0
1,0,1,15.786593707250343,0
1,0,2,15.602716468590831,0
0,0,0,16.086956521739133,0
1,0,4,15.69983136593592,0
1,1,0,15.28117359413203,0
1,0,0,15.310077519379846,0
1,0,0,16.206896551724135,0
1,0,0,15.70048309178744,0
1,0,0,16.304347826086957,0
0,0,0,15.285880980163359,0
1,0,0,15.55878084179971,0
0,0,0,15.657894736842106,0
0,0,0,17.073170731707318,0
1,0,0,14.90990990990991,0
0,0,0,15.709001233045623,0
1,0,0,14.765432098765432,0
0,0,0,15.652173913043478,0
0,0,0,15.79646017699115,0
0,0,0,15.634517766497462,0
0,0,0,15.714285714285714,0
1,0,0,15.80110497237569,0
1,0,0,15.652173913043478,0
1,0,0,13.314037626628075,0
1,0,0,15.579710144927537,0
1,0,0,15.301204819277107,0
1,0,0,16.03698811096433,0
0,0,0,15.44186046511628,0
1,0,0,15.23076923076923,0
1,5,0,15.265082266910422,0
1,6,0,14.93167701863354,0
1,6,0,14.962406015037594,0
1,6,0,14.962406015037594,0
1,6,0,14.99361430395913,0
1,6,0,14.915924826904055,0
1,0,0,14.339622641509433,0
1,3,0,15.074626865671641,0
0,0,0,13.216374269005849,0
0,1,0,15.813953488372093,0
0,0,0,14.615384615384615,0
1,0,0,16.243093922651934,0
0,0,0,15.436893203883495,0
0,0,0,14.814814814814813,0
1,0,0,16.036866359447004,0
0,0,0,16.029411764705884,0
1,0,0,15.74468085106383,0
1,0,0,16.29834254143646,0
1,0,0,15.34675615212528,0
0,0,0,15.34675615212528,0
1,0,0,15.829903978052126,0
1,0,0,14.825174825174825,0
0,0,0,13.846153846153847,0
1,0,0,15.428571428571429,0
0,0,0,15.5,0
0,0,0,15.615141955835963,0
0,0,0,14.201680672268909,0
1,0,0,16.363636363636363,0
1,0,0,14.952919020715632,0
1,0,0,16.428571428571427,0
0,1,0,15.457943925233646,0
1,0,0,13.589743589743591,0
1,0,0,16.02136181575434,0
1,2,0,15.269271383315735,0
0,0,0,14.285714285714286,0
1,0,0,15.75923392612859,0
1,0,0,14.893617021276595,0
1,0,1,15.042735042735043,0
1,0,1,15.0920245398773,0
1,0,0,15.833333333333332,0
1,0,0,14.984520123839008,0
0,0,1,15.405405405405405,0
0,0,2,15.373134328358208,0
1,0,1,15.247524752475247,0
1,0,1,15.348837209302326,0
1,0,1,15.24390243902439,0
1,5,1,15.116279069767442,0
0,0,0,15.492957746478872,0
0,0,0,15.799086757990867,0
1,0,0,15.294117647058822,0
1,0,0,14.827586206896552,0
0,0,0,14.305555555555555,0
0,0,0,14.305555555555555,0
1,0,1,15.133531157270031,0
1,0,1,15.6875,0
0,0,1,15.104602510460252,0
1,0,1,15.392953929539296,0
1,0,1,15.56701030927835,0
0,0,1,15.294117647058822,0
0,0,1,14.652777777777777,0
1,0,0,13.996840442338073,0
1,0,1,15.47486033519553,0
1,0,0,15.031055900621118,0
1,0,1,15.012468827930174,0
1,0,3,15.348837209302326,0
1,0,1,15.344262295081968,0
1,0,2,14.885057471264368,0
1,0,1,14.431818181818182,0
1,0,0,15.675675675675675,0
1,0,0,14.916864608076011,0
1,0,0,14.891304347826086,0
1,0,0,16.018957345971565,0
1,0,0,15.62624254473161,0
0,0,1,15.09433962264151,0
1,0,0,16.14814814814815,0
0,0,0,15.930232558139535,0
1,0,0,15.448275862068964,0
1,0,0,15.327731092436975,0
1,0,1,15.594405594405593,0
1,0,0,15.84313725490196,0
0,0,0,15.61436672967864,0
1,0,1,15.706806282722514,0
1,0,1,14.314868804664723,0
1,0,1,15.265700483091786,0
1,0,1,15.804195804195803,0
1,0,0,15.961227786752827,0
1,0,1,14.885496183206106,0
0,1,0,14.881266490765173,0
1,0,0,13.934426229508198,0
0,0,0,14.580645161290322,0
1,0,0,16.049382716049383,0
1,0,0,15.774907749077492,0
1,0,0,13.799999999999999,0
1,0,0,15.329280648429584,0
0,0,0,16.153846153846153,0
0,0,0,16.216216216216218,0
1,0,0,16.363636363636363,0
1,0,0,15.384615384615385,0
1,0,0,15.738831615120274,0
0,0,0,16.333333333333332,0
0,0,0,16.153846153846153,0
1,0,0,14.482758620689655,0
1,0,0,15.414258188824663,0
0,0,0,15.737704918032787,0
1,0,0,16.05263157894737,0
0,0,0,16.153846153846153,0
0,0,0,14.766355140186915,0
0,0,0,16.333333333333332,0
0,0,0,15.294117647058822,0
1,0,0,15.182481751824817,0
0,0,0,15.446428571428573,0
0,0,0,15.445544554455445,0
1,0,0,15.030674846625766,0
1,0,0,14.700854700854702,0
1,1,0,15.0,0
1,0,0,15.901060070671377,0
1,0,0,15.963855421686748,0
0,0,0,15.43026706231454,0
1,0,0,15.648148148148149,0
1,0,0,15.104895104895103,0
0,0,0,13.91089108910891,0
1,0,0,16.0,0
1,0,0,14.319066147859923,0
1,0,0,15.10022271714922,0
1,0,0,15.822222222222223,0
1,1,0,15.743162901307969,0
0,0,0,10.444444444444445,0
1,0,0,16.0,0
0,0,0,15.68075117370892,0
1,0,0,14.102564102564104,0
1,0,0,13.818181818181818,0
1,0,0,15.766016713091922,0
0,0,0,14.46808510638298,0
1,0,0,14.545454545454547,0
1,0,1,15.393258426966291,0
0,0,0,16.296296296296294,0
1,0,0,15.813953488372093,0
1,0,0,15.633423180592992,0
1,0,0,16.57957244655582,0
1,0,0,15.018587360594795,0
0,2,0,16.862745098039216,0
0,0,0,16.19047619047619,0
1,0,1,15.09433962264151,0
0,0,1,15.258358662613983,0
1,0,1,15.847750865051903,0
1,0,0,16.266666666666666,0
1,0,1,15.769230769230768,0
0,0,0,15.294117647058822,0
1,0,1,14.366576819407008,0
0,0,1,15.068493150684931,0
1,0,0,15.342465753424657,0
1,6,0,15.432409739714526,0
0,0,1,15.0,0
1,0,0,15.714285714285714,0
1,0,0,15.736040609137056,0
1,0,0,15.511111111111111,0
1,0,0,14.454976303317535,0
0,0,0,15.72139303482587,0
0,0,0,13.142857142857142,0
1,0,0,15.771428571428572,0
1,1,0,15.778748180494906,0
1,0,0,14.986225895316805,0
0,0,0,14.339622641509433,0
1,0,0,15.810473815461346,0
1,0,0,15.130072840790842,0
0,0,0,16.35036496350365,0
0,0,0,15.984405458089668,0
1,0,0,15.138121546961326,0
1,0,0,15.552731893265566,0
1,0,0,16.197874080130823,0
1,0,0,15.465116279069768,0
1,0,0,14.893617021276595,0
1,0,0,14.954407294832828,0
1,0,0,13.0,0
1,0,0,15.609756097560975,0
1,0,0,15.206611570247935,0
1,0,0,15.23709167544784,0
1,0,0,15.779220779220779,0
1,0,0,15.174262734584449,0
1,0,0,14.430379746835442,0
1,0,0,15.862068965517242,0
1,0,0,16.338028169014084,0
1,0,0,15.866666666666667,0
1,0,0,15.555555555555555,0
0,0,0,16.109422492401215,0
1,0,0,15.688903788132754,0
1,0,0,15.054545454545455,0
1,0,1,15.235732009925558,0
1,0,0,15.186567164179106,0
1,1,1,15.205348615090735,0
1,0,1,15.357535753575357,0
1,0,1,15.538221528861154,0
1,0,1,15.63843236409608,0
1,0,0,13.376413570274636,0
1,0,0,13.236714975845413,0
1,0,0,15.707472178060414,0
1,0,0,15.65768621236133,0
1,0,0,15.73913043478261,0
0,0,0,15.206185567010309,0
0,0,0,15.5,0
0,0,0,16.132075471698112,0
0,0,0,15.092348284960423,0
0,0,0,15.551504102096628,0
1,2,0,15.242290748898679,0
0,0,0,15.925925925925926,0
0,0,0,15.27027027027027,0
1,0,1,15.622775800711743,0
1,0,0,15.131264916467781,0
1,0,0,16.03698811096433,0
0,0,0,16.370106761565836,0
0,0,0,15.593834995466908,0
1,0,0,15.665839536807278,0
1,0,0,15.671140939597315,0
1,0,0,15.676156583629892,0
1,0,0,15.458937198067632,0
0,0,0,15.0,0
0,0,0,14.8,0
0,0,0,14.89051094890511,0
0,0,0,15.979899497487438,0
1,0,0,13.479853479853482,0
1,0,0,16.153846153846153,0
1,0,0,15.522388059701493,0
1,0,0,15.23404255319149,0
1,0,0,15.693430656934307,0
1,0,0,14.803625377643506,0
1,0,0,14.803625377643506,0
1,0,0,14.803625377643506,0
1,0,0,15.989717223650386,0
1,0,0,15.741626794258375,0
1,0,0,15.34954407294833,0
1,0,0,16.0,0
1,0,0,15.574468085106384,0
1,0,0,13.471810089020773,0
0,1,0,15.634095634095635,0
1,0,0,15.772727272727273,0
1,0,0,14.871794871794872,0
0,0,0,15.483870967741936,0
0,2,0,15.595996360327572,0
1,0,0,12.878787878787879,0
1,0,0,16.161616161616163,0
1,0,0,15.44186046511628,0
0,0,0,14.205607476635514,0
1,0,0,15.590551181102361,0
1,0,0,15.18987341772152,0
1,0,0,15.541401273885352,0
0,0,0,15.287671232876711,0
1,0,0,15.353535353535353,0
1,0,0,15.622317596566525,0
1,0,0,16.153846153846153,0
1,0,0,16.056338028169016,0
0,0,0,15.613382899628252,0
0,0,0,15.508021390374331,0
0,0,0,15.95959595959596,0
0,0,0,15.454545454545453,0
1,1,0,15.38888888888889,0
0,0,0,15.223880597014926,0
1,0,0,15.793103448275863,0
1,0,0,14.866412213740459,0
1,0,0,15.69060773480663,0
1,0,0,16.372093023255815,0
1,0,0,15.555555555555555,0
0,0,0,15.210084033613445,0
1,0,0,15.161290322580644,0
0,0,0,16.26086956521739,0
0,0,0,15.816326530612246,0
0,0,0,15.612903225806452,0
1,0,0,14.678899082568808,0
0,0,0,15.909090909090908,0
1,0,0,15.575221238938052,0
1,0,0,14.0,0
1,0,0,15.913705583756347,0
1,0,0,15.833333333333332,0
1,0,0,15.28735632183908,0
1,0,0,15.454545454545453,0
1,0,0,16.164383561643834,0
1,0,0,16.0,0
1,0,0,15.266272189349113,0
1,0,0,15.64102564102564,0
1,0,0,15.296523517382411,0
1,0,0,15.741935483870968,0
1,0,0,15.652173913043478,0
1,0,0,14.444444444444445,0
1,0,0,15.277777777777777,0
1,0,0,15.416666666666668,0
1,0,0,15.564516129032258,0
1,0,0,15.688622754491018,0
1,0,0,14.204081632653061,0
1,0,0,16.0,0
1,0,0,15.956284153005464,0
1,0,0,15.192307692307692,0
1,0,0,15.192307692307692,0
1,0,0,15.192307692307692,0
1,0,0,15.192307692307692,0
1,0,0,15.192307692307692,0
1,0,0,15.192307692307692,0
1,0,0,15.192307692307692,0
1,0,0,15.192307692307692,0
1,0,0,15.192307692307692,0
0,0,0,16.269430051813472,0
1,0,0,15.426008968609866,0
1,0,0,15.238095238095237,0
0,0,0,15.095541401273886,0
1,0,0,15.163727959697733,0
0,0,0,15.632183908045977,0
1,1,0,15.55895865237366,0
1,0,0,15.74468085106383,0
1,0,0,14.486803519061585,0
1,0,0,15.228426395939085,0
0,0,0,14.482758620689655,0
1,0,0,15.769230769230768,0
1,0,0,16.235294117647058,0
1,0,0,2.4615384615384617,0
0,0,0,15.517241379310345,0
1,0,0,15.806451612903224,0
0,0,0,15.396039603960396,0
0,3,0,15.888717156105102,0
0,3,0,15.913312693498451,0
1,0,0,16.05263157894737,0
0,0,0,15.10948905109489,0
1,0,0,15.502392344497608,0
0,0,0,15.668789808917198,0
0,0,0,15.714285714285714,0
0,0,0,15.455543358946214,0
0,0,0,14.6875,0
0,0,0,15.868263473053892,0
1,0,0,15.61128526645768,0
0,0,0,15.565217391304348,0
0,0,0,15.88235294117647,0
1,0,0,10.651340996168583,0
1,0,0,15.30562347188264,0
0,0,0,15.526992287917738,0
0,1,0,14.330708661417322,0
0,0,0,15.833333333333332,0
1,0,0,15.561797752808989,0
0,0,0,15.061728395061728,0
0,0,0,15.32967032967033,0
1,0,0,16.103896103896105,0
0,0,0,15.434782608695652,0
1,0,0,15.476190476190476,0
1,2,0,15.847144515992822,0
1,0,0,13.333333333333332,0
0,0,0,14.974358974358974,0
1,0,0,15.555555555555555,0
0,0,0,15.416164053075995,0
1,0,0,16.641221374045802,0
1,0,0,16.02836879432624,0
1,0,0,14.35897435897436,0
0,0,3,15.328798185941043,0
1,0,0,16.38888888888889,0
0,0,0,15.537525354969574,0
0,0,0,16.05263157894737,0
1,0,0,15.4296875,0
1,0,0,6.802721088435374,0
1,0,0,15.932203389830509,0
0,0,0,15.990099009900991,0
0,0,0,15.638297872340425,0
0,0,0,14.285714285714286,0
1,0,0,6.923076923076923,0
1,0,0,14.868804664723033,0
1,0,0,15.833333333333332,0
0,0,0,16.0,0
1,0,0,13.076923076923077,0
1,0,0,16.4,0
1,0,0,12.105263157894736,0
1,0,0,16.0,0
1,0,0,15.356200527704484,0
0,0,0,16.28032345013477,0
1,0,0,16.091954022988507,0
1,0,0,16.923076923076923,0
1,0,0,15.961538461538463,0
1,0,0,15.932203389830509,0
1,0,0,14.819277108433734,0
0,0,0,15.386221294363256,0
1,0,0,15.885714285714286,0
1,0,0,15.885714285714286,0
1,0,0,16.091205211726386,0
1,0,0,16.428571428571427,0
1,0,0,16.03448275862069,0
1,0,0,15.907230559345159,0
0,0,0,14.814814814814813,0
1,0,0,15.443037974683545,0
0,0,0,15.46925566343042,0
1,0,0,15.555555555555555,0
0,0,0,15.583398590446357,0
0,0,0,15.583398590446357,0
0,0,0,15.566037735849056,0
0,0,0,16.037735849056606,0
0,0,0,16.103896103896105,0
1,0,0,12.054794520547944,0
0,0,0,16.666666666666668,0
1,0,0,15.438596491228068,0
1,0,0,15.820895522388058,0
1,0,0,15.428571428571429,0
1,0,0,15.740740740740742,0
1,2,0,15.292652552926524,0
1,0,0,12.876712328767123,0
0,0,0,15.943661971830988,0
0,0,0,14.761904761904763,0
0,0,0,14.35897435897436,0
0,0,0,14.35897435897436,0
0,0,0,15.618729096989966,0
0,0,0,15.641421947449768,0
1,0,0,15.701492537313433,0
1,0,0,15.600000000000001,0
1,0,0,15.59748427672956,0
1,0,0,15.782312925170068,0
1,0,0,16.0,0
1,0,0,16.363636363636363,0
0,0,0,15.140495867768596,0
0,0,0,15.122749590834697,0
0,0,0,15.347222222222223,0
1,1,0,13.166666666666666,0
1,0,0,15.45945945945946,0
0,0,0,15.142118863049097,0
1,0,0,15.568862275449103,0
1,0,0,15.15527950310559,0
1,0,0,16.04060913705584,0
1,0,0,15.745856353591162,0
1,0,0,15.187637969094922,0
0,1,0,15.321637426900585,0
0,0,0,15.36,0
1,0,0,14.491017964071858,0
1,0,0,15.257270693512304,0
1,0,0,15.146198830409357,0
0,0,0,10.88,0
1,0,0,15.970204841713223,0
0,0,0,15.112107623318385,0
0,0,0,15.387755102040817,0
1,0,0,15.588235294117647,0
1,0,0,15.65432098765432,0
0,0,0,15.555555555555555,0
0,0,0,16.054054054054056,0
0,0,0,16.428571428571427,0
1,0,0,14.872611464968152,0
1,0,0,14.709480122324159,0
0,0,0,15.428571428571429,0
0,0,0,15.28888888888889,0
1,0,0,15.458167330677291,0
0,0,0,15.0,0
1,0,0,15.225806451612902,0
1,0,0,15.290519877675841,0
1,0,0,15.354838709677418,0
0,0,0,15.555555555555555,0
1,0,0,15.583756345177664,0
1,0,0,15.311004784688995,0
1,0,0,14.901960784313726,0
1,0,0,15.141242937853107,0
0,0,0,16.10062893081761,0
0,0,0,13.25,0
1,0,0,15.647668393782384,0
0,0,0,15.9954233409611,0
1,0,0,16.657381615598887,0
1,0,0,14.460093896713616,0
1,0,0,15.583333333333334,0
1,0,0,15.9,0
1,0,0,16.172839506172842,0
1,0,1,15.538461538461538,0
0,0,0,14.146341463414632,0
1,0,0,16.307692307692307,0
1,19,0,15.925531914893618,0
1,2,0,16.313912009512485,0
1,0,0,15.34668721109399,0
0,0,0,15.374449339207048,0
1,0,0,12.615384615384615,0
1,0,0,13.287292817679559,0
1,0,0,15.730337078651687,0
1,0,0,14.666666666666666,0
1,0,0,13.793103448275863,0
1,0,0,16.0,0
1,0,0,15.708502024291498,0
0,0,0,15.384615384615385,0
1,0,0,13.0,0
0,0,0,15.058823529411764,0
1,0,0,15.428571428571429,0
0,0,0,15.399673735725939,0
1,0,0,14.453781512605042,0
1,0,0,15.47400611620795,0
1,0,0,14.827586206896552,0
1,0,0,14.028436018957347,0
0,0,0,14.029850746268657,0
0,0,0,15.379310344827585,0
1,0,0,14.461538461538462,0
1,0,0,15.817307692307692,0
1,0,0,14.80916030534351,0
1,0,0,15.835351089588379,0
1,0,0,14.492753623188406,0
1,2,0,14.661921708185053,0
0,0,0,15.297450424929178,0
0,0,0,15.981735159817351,0
0,0,0,15.336787564766839,0
1,0,0,15.414012738853504,0
0,0,0,15.069444444444445,0
1,0,0,16.084656084656082,0
0,0,0,12.0,0
1,0,0,15.733333333333333,0
0,0,0,14.0,0
1,0,0,15.151515151515152,0
0,0,0,15.532467532467534,0
1,0,0,15.59748427672956,0
1,0,0,13.80281690140845,0
1,0,0,15.818181818181818,0
0,0,0,15.244161358811041,0
1,0,0,15.17106549364614,0
1,0,0,15.824175824175823,0
1,0,0,14.60431654676259,0
1,0,0,15.695067264573993,0
0,0,0,15.745856353591162,0
0,0,0,13.640416047548293,0
1,0,0,15.448079658605975,0
1,0,0,16.0,0
1,0,0,15.824175824175823,0
1,0,0,16.056338028169016,0
1,0,0,15.633423180592992,0
1,0,0,15.448275862068964,0
0,0,0,15.757575757575758,0
0,0,0,14.831460674157304,0
0,0,0,15.2,0
1,0,0,15.777777777777777,0
1,0,0,16.20253164556962,0
1,0,0,15.266272189349113,0
1,0,0,15.217391304347828,0
1,1,0,15.947521865889215,0
1,0,0,15.841584158415841,0
0,0,0,15.072463768115941,0
1,0,0,15.665024630541872,0
1,0,0,16.19718309859155,0
1,0,0,13.666666666666668,0
1,0,0,15.846994535519126,0
1,0,0,15.32846715328467,0
1,0,0,15.126903553299494,0
0,0,0,14.545454545454547,0
1,0,0,13.666666666666668,0
1,0,0,15.617529880478088,0
1,0,0,15.990783410138249,0
1,0,0,15.819672131147541,0
0,0,0,15.798319327731091,0
1,0,0,15.569070373588186,0
1,0,0,15.569070373588186,0
1,0,0,15.569070373588186,0
0,0,0,15.0,0
1,0,0,15.192307692307692,0
1,0,0,12.153846153846153,0
0,0,0,15.789473684210527,0
1,0,0,16.19047619047619,0
1,0,0,16.043956043956044,0
1,0,0,14.074074074074074,0
0,0,0,15.333333333333334,0
1,0,0,15.224719101123597,0
1,0,0,14.257425742574256,0
0,0,0,15.319148936170212,0
1,0,0,15.912806539509535,0
1,0,0,15.467980295566504,0
1,0,0,15.795053003533567,0
1,0,0,15.454545454545453,0
0,0,0,14.333333333333334,0
1,0,0,15.80110497237569,0
1,0,0,15.940594059405942,0
1,0,0,15.176470588235293,0
0,0,0,16.569037656903767,0
1,0,0,15.961995249406176,0
1,0,0,15.886524822695037,0
1,0,0,15.238095238095237,0
1,0,0,16.049382716049383,0
1,0,0,16.049382716049383,0
1,0,0,16.049382716049383,0
1,0,0,15.912408759124087,0
1,0,0,15.059171597633137,0
1,0,0,15.820895522388058,0
1,0,0,15.242494226327945,0
1,0,0,16.595744680851062,0
1,0,0,14.642857142857142,0
1,0,0,14.594594594594595,0
1,0,0,16.727272727272727,0
1,0,0,11.131221719457013,0
1,0,0,11.3135593220339,0
0,0,0,15.107913669064747,0
1,0,0,15.724137931034484,0
1,0,0,15.941727367325703,0
1,0,0,15.748502994011977,0
0,0,0,15.603799185888738,0
0,0,0,16.216216216216218,0
1,0,0,15.542521994134898,0
0,0,0,16.63716814159292,0
1,0,0,16.204744069912607,0
1,0,0,16.666666666666668,0
1,0,0,15.36764705882353,0
1,0,0,15.733333333333333,0
0,0,0,16.05095541401274,0
