1,1,0,15.32258064516129,1
0,0,0,15.436105476673427,1
1,0,0,15.896103896103897,1
0,0,0,15.104602510460252,1
1,0,0,15.330459770114942,1
1,0,0,15.681818181818182,1
1,0,0,15.627240143369177,1
1,1,0,15.05050505050505,1
1,0,0,15.121951219512194,1
1,0,0,15.260115606936415,1
1,0,0,15.252525252525253,1
1,3,0,16.166666666666668,1
1,0,0,15.191256830601091,1
1,0,0,15.479204339963834,1
1,0,0,15.80908032596042,1
1,3,0,14.787234042553193,1
1,0,0,14.978902953586497,1
1,0,0,16.0613810741688,1
0,0,0,14.861660079051385,1
1,0,0,16.02122015915119,1
1,0,0,15.836177474402731,1
1,0,0,16.109422492401215,1
0,0,0,15.884057971014494,1
1,0,0,15.857142857142856,1
1,0,0,16.164383561643834,1
1,0,0,14.958904109589042,1
1,0,0,14.69135802469136,1
1,1,0,15.740740740740742,1
1,0,0,15.72289156626506,1
1,0,0,15.612244897959185,1
1,0,0,15.421686746987952,1
1,0,0,18.0,1
1,0,0,14.968553459119496,1
1,0,0,15.826377295492486,1
1,0,0,15.826086956521738,1
1,2,0,16.04892966360856,1
1,0,1,14.621212121212121,1
0,0,0,15.452538631346577,1
1,0,0,15.24390243902439,1
1,0,0,16.018957345971565,1
1,0,0,15.5,1
1,0,0,15.333333333333334,1
1,0,0,15.276190476190477,1
1,0,0,15.481481481481481,1
1,0,0,14.093264248704662,1
1,0,0,14.545454545454547,1
1,0,0,15.653923541247485,1
1,0,0,15.971563981042653,1
1,0,0,15.328185328185329,1
1,0,0,16.109422492401215,1
1,0,0,15.859872611464969,1
1,0,0,16.018957345971565,1
1,0,1,15.584415584415584,1
1,0,0,15.619047619047619,1
1,0,1,16.053811659192824,1
1,0,0,15.443037974683545,1
1,0,0,15.819209039548024,1
1,1,0,15.65600882028666,1
1,0,0,16.0,1
1,0,0,15.399361022364218,1
1,0,0,16.352941176470587,1
1,0,0,15.458515283842795,1
1,0,0,15.227817745803359,1
1,0,0,14.367346938775508,1
1,0,0,15.267489711934157,1
1,0,0,15.506607929515418,1
1,1,0,14.98477157360406,1
1,1,0,15.458937198067632,1
1,0,0,15.844594594594595,1
1,0,0,15.085995085995085,1
1,0,0,16.18364418938307,1
1,0,0,15.48281505728314,1
1,3,0,15.072463768115941,1
1,0,0,15.344827586206897,1
0,0,0,15.202156334231807,1
1,0,0,15.051546391752577,1
1,0,0,13.600000000000001,1
1,0,0,15.966785290628707,1
1,1,0,14.886075949367088,1
0,0,0,15.0,1
1,0,0,15.361216730038024,1
1,0,0,15.18796992481203,1
1,0,0,15.573770491803279,1
1,0,0,15.742296918767506,1
1,0,0,15.845697329376856,1
1,0,0,15.655430711610487,1
1,0,0,15.820895522388058,1
1,0,0,15.473684210526315,1
1,0,0,15.09090909090909,1
1,0,0,16.03112840466926,1
1,0,0,15.833333333333332,1
1,3,0,15.905621096460791,1
1,0,0,14.738916256157635,1
1,0,0,15.700934579439252,1
1,0,0,15.412844036697248,1
1,1,0,15.52511415525114,1
1,0,0,16.02968460111317,1
1,0,0,15.714285714285714,1
1,1,0,14.565916398713828,1
1,1,0,15.961227786752827,1
1,0,0,16.124031007751938,1
1,0,0,15.802469135802468,1
1,0,0,16.03174603174603,1
1,0,0,15.31135531135531,1
1,0,0,15.555555555555555,1
1,0,0,15.420875420875422,1
1,0,0,15.844155844155845,1
1,0,0,15.69023569023569,1
1,0,0,15.84,1
1,0,0,15.936352509179928,1
1,1,0,13.88888888888889,1
1,0,0,14.916067146282973,1
1,0,0,15.91687041564792,1
1,0,0,16.363636363636363,1
1,0,0,16.280701754385966,1
1,0,0,14.509803921568627,1
1,0,0,15.623268698060942,1
1,1,0,16.019900497512438,1
1,0,0,15.925925925925926,1
1,0,0,12.580645161290322,1
1,0,0,15.88089330024814,1
1,0,0,15.555555555555555,1
1,0,0,15.504322766570606,1
1,0,0,15.833333333333332,1
1,0,0,15.818882466281309,1
1,0,0,15.481171548117153,1
1,0,0,16.047430830039527,1
1,0,0,15.700712589073634,1
1,0,0,13.96078431372549,1
1,0,0,16.24413145539906,1
1,0,1,16.05504587155963,1
1,0,0,15.206611570247935,1
1,0,0,16.200000000000003,1
1,0,0,15.850340136054422,1
1,0,0,16.114285714285714,1
1,2,0,15.218508997429305,1
1,3,0,15.746835443037973,1
1,0,0,15.809523809523808,1
1,0,0,15.86912065439673,1
1,0,0,15.931558935361217,1
1,0,0,15.567970204841712,1
1,0,0,15.730337078651687,1
1,0,0,15.646817248459959,1
1,2,0,15.990888382687928,1
1,0,0,15.849056603773587,1
1,2,0,16.12,1
1,0,0,15.559633027522937,1
1,0,0,16.0,1
0,0,0,15.271512113617376,1
0,0,0,15.271512113617376,1
0,0,0,16.114206128133706,1
0,0,0,16.084262701363073,1
0,0,0,16.508230072128722,1
0,0,0,15.63937184520471,1
0,0,0,15.63937184520471,1
0,0,0,15.421567936888074,1
0,0,0,15.424229632756436,1
0,0,0,15.070945945945946,1
0,0,0,15.070945945945946,1
0,0,0,15.098582369235782,1
0,0,0,15.098582369235782,1
0,0,0,14.89217184581423,1
0,0,0,14.89217184581423,1
0,0,0,14.829907866761163,1
0,0,0,14.829907866761163,1
0,0,0,14.868242734527932,1
1,0,0,16.395939086294415,1
1,0,0,15.6838905775076,1
1,0,0,16.332518337408313,1
1,2,0,14.671052631578947,1
1,0,0,14.935064935064934,1
1,1,0,15.812807881773399,1
1,1,0,15.812807881773399,1
1,4,1,15.94713656387665,1
1,0,0,14.285714285714286,1
0,0,0,16.4412491574927,1
0,0,0,16.4412491574927,1
0,0,0,16.4412491574927,1
0,0,0,16.4412491574927,1
0,0,0,16.483275452385303,1
0,0,0,16.483275452385303,1
0,0,0,16.483275452385303,1
0,0,0,16.508230072128722,1
0,0,0,16.508230072128722,1
0,0,0,16.508230072128722,1
0,0,0,16.508230072128722,1
0,0,0,16.508230072128722,1
0,0,0,15.611448395490026,1
0,0,0,15.611448395490026,1
1,0,0,15.924764890282132,1
0,0,0,15.765479452054795,1
0,0,0,15.711506031910753,1
0,0,0,15.166596372838466,1
0,0,0,15.221716405327939,1
0,0,0,15.711506031910753,1
0,0,0,14.550831792975972,1
0,0,0,14.550831792975972,1
0,0,0,15.166596372838466,1
0,0,0,15.221716405327939,1
0,0,0,15.21658520141581,1
0,0,0,15.21658520141581,1
0,0,0,15.016693024073097,1
0,0,0,15.016693024073097,1
1,0,0,15.625,1
1,0,0,15.625,1
1,0,0,15.625,1
1,0,0,15.654952076677315,1
1,0,0,16.135265700483092,1
0,0,0,14.742268041237114,1
0,0,0,14.98820754716981,1
0,0,0,14.46800731261426,1
0,0,0,14.019452612531103,1
0,0,0,15.104346461635023,1
0,0,0,15.582481751824817,1
0,0,0,15.296938399114717,1
1,1,0,15.982142857142858,1
1,1,0,16.07734806629834,1
1,1,0,15.909090909090908,1
0,0,0,15.46029298380879,1
0,0,0,14.646589902568646,1
0,0,0,15.230694511898982,1
0,0,0,14.918061066068656,1
0,0,0,14.855945521215297,1
0,0,0,14.67942929384143,1
0,0,0,14.557573737710381,1
0,0,0,14.131176999101527,1
0,0,0,15.421686746987952,1
1,0,0,17.142857142857142,1
0,0,0,16.592007026789634,1
0,0,0,16.592007026789634,1
0,0,0,16.592007026789634,1
0,0,0,16.592007026789634,1
0,0,0,16.592007026789634,1
0,0,0,16.592007026789634,1
0,0,0,16.583614864864863,1
0,0,0,16.583614864864863,1
0,0,0,16.583614864864863,1
0,0,0,16.583614864864863,1
0,0,0,16.583614864864863,1
0,0,0,16.583614864864863,1
0,0,0,16.290676781792772,1
0,0,0,16.290676781792772,1
0,0,0,16.290676781792772,1
0,0,0,15.611448395490026,1
0,0,0,15.221716405327939,1
0,0,0,14.367417677642981,1
0,0,0,15.100697134004648,1
0,0,0,16.31518624641834,1
0,0,0,15.765479452054795,1
0,0,0,16.31518624641834,1
0,0,0,15.711506031910753,1
0,0,0,15.166596372838466,1
0,0,0,16.31518624641834,1
0,0,0,14.550831792975972,1
0,0,0,16.31518624641834,1
0,0,0,15.016693024073097,1
0,0,0,16.31518624641834,1
0,0,0,14.55278310940499,1
1,1,0,15.894039735099337,1
1,1,0,15.816993464052286,1
0,45,91,16.227642276422763,1
0,46,90,15.016597510373444,1
0,45,94,15.692821368948247,1
0,45,91,16.204299099761162,1
0,45,90,16.10608979108016,1
0,1,3,13.665893271461718,1
0,1,3,12.738275340393344,1
0,45,90,15.669253920481545,1
0,45,90,15.37525354969574,1
0,45,89,16.41431924882629,1
0,0,3,16.0,1
0,45,93,16.245315161839862,1
0,1,3,15.120593692022265,1
0,48,90,15.57496740547588,1
0,45,92,16.070456823714736,1
0,45,90,15.779352226720649,1
0,9,129,15.451559934318555,1
0,45,88,15.707990599294948,1
0,44,88,16.13619319034048,1
0,1,5,13.954545454545455,1
0,23,67,15.508415955729767,1
0,9,128,16.22758194186766,1
1,0,0,14.107142857142858,1
0,25,76,15.469448584202683,1
0,1,5,15.763546798029557,1
0,25,25,16.452074391988557,1
0,26,75,15.815648445873528,1
0,6,21,14.168096054888508,1
0,22,76,13.613105924596049,1
0,0,0,13.0,1
0,19,19,15.833333333333332,1
0,37,71,15.573770491803279,1
0,3,10,15.091575091575091,1
0,8,15,15.488721804511279,1
0,2,7,13.009446693657221,1
0,52,82,16.46823411705853,1
0,9,23,15.12461059190031,1
0,1,7,12.36234458259325,1
0,4,14,14.703277236492472,1
1,0,4,14.640522875816993,1
0,44,89,16.064825382332803,1
0,26,74,14.808126410835214,1
1,0,43,13.139356814701378,1
1,0,43,13.139356814701378,1
1,0,9,13.518987341772153,1
0,26,74,15.477386934673367,1
0,44,91,16.303085853956613,1
0,26,76,15.112749349522982,1
0,44,91,16.080513160805133,1
0,44,91,15.813860595166766,1
1,0,160,12.857409829938328,1
0,44,91,16.053970360539704,1
0,22,52,15.594622543950363,1
1,0,160,12.978310703579616,1
1,0,81,15.768633540372672,1
1,0,160,12.964593975691386,1
1,0,81,15.768633540372672,1
1,3,1,15.11111111111111,1
0,6,12,16.156583629893237,1
0,20,49,15.559553796329615,1
1,1,5,15.578512396694215,1
0,43,173,15.805529075309819,1
1,0,0,13.932584269662922,1
0,6,12,16.18828932261768,1
0,11,49,15.902162353775257,1
0,22,52,15.774058577405858,1
0,9,126,15.672933452700686,1
1,0,0,10.881531711208616,1
0,8,123,15.56687898089172,1
0,12,52,14.754558204768584,1
1,0,160,14.041145158969933,1
0,0,2,14.426229508196721,1
0,12,52,15.605170387779083,1
0,13,53,16.220199393151276,1
1,0,160,14.041145158969933,1
0,45,90,16.170526626346067,1
0,13,53,16.059647537279712,1
0,19,49,15.385568287395479,1
0,13,53,16.295666949872558,1
1,0,252,15.21296813862493,1
0,3,9,15.275590551181102,1
1,0,3,13.333333333333332,1
0,12,52,15.668896321070234,1
1,14,25,16.354515050167223,1
0,9,126,15.582495564754584,1
0,13,53,15.62215477996965,1
0,6,12,16.380510440835266,1
1,0,160,13.645436399927418,1
0,44,91,14.695509907289583,1
0,22,55,15.50855991943605,1
0,13,53,16.46358741853216,1
1,0,126,14.26056338028169,1
0,13,53,15.653082549634274,1
1,0,4,14.305555555555555,1
1,0,160,13.534088986635087,1
1,0,0,11.195219123505975,1
1,0,82,14.76,1
0,22,52,15.87737843551797,1
1,0,98,14.290343486714193,1
0,27,61,14.791599353796446,1
1,0,160,14.379714331567968,1
1,0,6,15.14910536779324,1
1,0,2,16.666666666666668,1
1,0,0,14.673188083592708,1
1,18,13,14.512115258677145,1
1,0,160,13.15641936086713,1
0,6,17,15.924932975871313,1
0,9,126,15.655811174185839,1
1,0,4,13.983739837398375,1
1,0,4,13.692307692307693,1
1,0,0,14.66739098227073,1
1,0,4,14.108527131782946,1
0,9,126,15.619958171496863,1
0,6,12,16.237864077669904,1
1,0,4,13.7984496124031,1
1,0,4,13.7984496124031,1
1,7,18,15.70448548812665,1
0,12,52,15.997548268464604,1
0,39,73,15.523917995444192,1
1,5,13,15.694545454545455,1
0,12,52,16.182756079587325,1
1,0,9,16.318681318681318,1
0,1,4,14.838709677419356,1
0,18,76,16.108979278587874,1
0,24,141,16.707537688442212,1
0,19,73,16.17910447761194,1
0,13,34,14.335664335664335,1
1,0,152,14.513548387096776,1
1,0,4,13.692307692307693,1
0,36,145,16.09967906362092,1
0,6,12,16.31205673758865,1
1,1,10,14.80968858131488,1
1,1,10,14.80968858131488,1
1,2,20,14.796888504753674,1
1,0,76,15.261044176706829,1
0,5,10,15.40625,1
1,0,36,15.26861451460886,1
1,8,19,16.67621776504298,1
1,42,42,14.154561301568855,1
1,2,20,14.796888504753674,1
1,31,62,12.549234135667396,1
1,7,13,16.673684210526318,1
0,0,22,14.447761194029852,1
0,15,40,14.623655913978496,1
0,13,34,14.74120082815735,1
0,0,23,14.094326725905672,1
0,0,0,14.5964316057774,1
0,1,25,14.904194717762817,1
1,0,4,14.142857142857144,1
1,0,4,14.244604316546763,1
0,33,54,13.60578434454574,1
0,48,221,16.80732744520772,1
0,6,12,15.965978128797085,1
0,22,100,16.257989540964555,1
0,0,6,13.461538461538463,1
0,16,101,16.621737883567537,1
0,6,12,16.237864077669904,1
0,66,109,15.439870863599676,1
0,0,43,14.835526315789473,1
0,2,3,15.682144566778362,1
1,10,266,12.253339884420111,1
1,10,266,12.253339884420111,1
1,10,266,12.253339884420111,1
0,16,105,16.502641089797052,1
1,1,25,12.254220456802383,1
0,9,24,15.234270414993308,1
1,0,1,12.245508982035929,1
0,0,2,15.414534288638691,1
0,24,59,15.108132805360949,1
1,0,4,16.638655462184875,1
0,9,24,15.234270414993308,1
0,30,129,16.300703082747432,1
1,0,0,12.003175443238952,1
1,22,63,12.03607666290868,1
0,12,130,15.898936170212766,1
0,66,109,15.862354892205639,1
0,6,20,13.996539792387544,1
0,8,25,14.860794157918757,1
0,20,98,15.205369127516779,1
0,6,12,16.237864077669904,1
0,13,50,15.97025016903313,1
0,41,213,16.84010371650821,1
1,0,0,9.401709401709402,1
1,0,0,9.322033898305085,1
0,2,2,13.813813813813812,1
1,0,0,9.401709401709402,1
0,0,0,20.0,1
0,9,24,15.234270414993308,1
1,0,6,15.040322580645162,1
0,24,59,15.113808801213962,1
0,96,444,16.63208423660576,1
0,13,89,16.38172210133665,1
0,16,46,16.424688199552286,1
0,0,20,14.181132075471698,1
0,16,46,15.892751915144371,1
0,24,221,15.966888315918036,1
0,0,0,15.019455252918288,1
0,24,63,15.037503750375038,1
1,0,0,13.241061130334487,1
1,0,0,13.241061130334487,1
1,0,0,13.241061130334487,1
0,2,2,13.813813813813812,1
0,23,90,16.41025641025641,1
0,7,22,15.066185318892899,1
0,22,94,16.120965396917708,1
0,14,46,16.39846743295019,1
0,13,49,16.091624910522548,1
0,0,8,16.774193548387096,1
0,41,213,16.716006884681583,1
0,0,3,14.05189620758483,1
0,24,94,16.387051862164984,1
0,15,72,16.207744314689613,1
1,0,0,12.001301659616011,1
0,14,46,16.395534290271133,1
0,2,2,13.813813813813812,1
0,1,3,14.725274725274726,1
0,0,1,14.285714285714286,1
0,2,2,13.813813813813812,1
0,1,6,13.958762886597938,1
0,12,130,15.468794528355655,1
0,48,222,16.65323230694825,1
0,14,46,16.395534290271133,1
0,24,94,16.387051862164984,1
0,6,12,16.380510440835266,1
0,1,6,13.958762886597938,1
0,43,43,15.758343895226023,1
0,0,0,19.393939393939394,1
0,14,46,16.395534290271133,1
0,22,98,16.3265306122449,1
0,11,57,16.477805846264886,1
0,16,46,16.437918927545482,1
0,65,107,15.958932238193018,1
0,24,65,14.592865928659286,1
0,22,94,16.27299703264095,1
0,23,93,16.248513674197383,1
0,0,25,14.017191977077363,1
0,3,18,15.272727272727273,1
1,0,3,13.545454545454545,1
1,1,7,12.296296296296296,1
1,24,24,14.0652084193149,1
0,24,94,16.387051862164984,1
0,3,25,16.03515625,1
0,16,46,16.293126504412946,1
0,6,13,15.040831477357091,1
0,18,72,16.471910112359552,1
0,22,97,16.35390652871923,1
0,3,25,16.153050672182005,1
0,24,94,16.387051862164984,1
0,5,25,14.233716475095786,1
0,11,57,16.060499472388322,1
0,15,72,15.856257744733583,1
0,24,94,16.159683272847246,1
0,0,3,13.371320037986704,1
1,48,48,14.062306581390551,1
0,34,139,16.682539682539684,1
0,7,9,14.583963691376702,1
0,0,34,13.363774733637747,1
0,3,25,16.124352331606218,1
0,6,19,15.67380787836904,1
1,24,24,14.263309946347501,1
0,5,18,15.154553049289891,1
0,20,61,15.984496124031008,1
0,14,46,16.395534290271133,1
0,12,61,16.426056338028168,1
1,24,24,14.263309946347501,1
0,7,9,14.583963691376702,1
0,16,46,16.276417309627643,1
1,24,24,14.263309946347501,1
1,0,0,13.461538461538463,1
0,4,28,16.209249431387416,1
0,15,45,16.399229781771503,1
0,24,68,14.411247803163445,1
0,20,93,16.450914814086172,1
0,25,143,16.59917436603106,1
1,24,24,14.291385470424771,1
1,24,24,14.291385470424771,1
0,16,46,16.057818659658345,1
0,25,153,16.7309205350118,1
1,24,24,14.291385470424771,1
0,33,98,15.47427652733119,1
0,7,15,15.894736842105264,1
0,33,98,15.47427652733119,1
0,12,130,15.840441545408932,1
0,1,5,12.688172043010752,1
1,0,4,13.7984496124031,1
0,1,1,14.146341463414632,1
0,0,0,14.55732354141167,1
0,20,61,15.984496124031008,1
0,0,14,14.368070953436806,1
0,4,28,16.209249431387416,1
0,28,128,15.914800655379576,1
0,16,82,16.408227848101266,1
0,1,1,14.324324324324325,1
0,6,19,15.467980295566504,1
0,6,12,16.00470035252644,1
0,4,44,14.957627118644067,1
0,32,116,16.12312388705164,1
0,0,0,14.848894903022103,1
0,1,6,13.805496828752643,1
1,0,4,14.079999999999998,1
1,0,4,13.893129770992367,1
0,25,144,16.76425937974409,1
0,15,45,16.399229781771503,1
0,24,65,14.700956937799043,1
0,30,108,15.56701030927835,1
0,3,31,15.349959774738535,1
1,0,4,13.38235294117647,1
1,0,4,13.53846153846154,1
0,33,98,15.46817997567896,1
0,20,20,15.013404825737265,1
0,20,61,15.957152729785765,1
0,30,122,16.012931034482758,1
0,6,19,15.467980295566504,1
0,12,130,15.682844243792324,1
0,4,34,15.724782899131597,1
0,1,21,14.812098991750688,1
1,0,0,14.68298109010011,1
0,5,24,13.929590865842055,1
1,48,48,14.208373904576437,1
0,29,67,15.081967213114753,1
0,7,21,15.123780945236309,1
1,48,48,14.208373904576437,1
0,24,65,15.02942000560381,1
0,3,9,14.078374455732947,1
0,38,166,16.597064296051272,1
0,24,94,16.398334489937543,1
0,20,64,15.505766062602966,1
0,29,67,15.577181208053691,1
0,16,46,16.070842899311252,1
0,28,121,16.236668359573386,1
0,4,34,15.475841874084919,1
0,3,12,14.592413236481033,1
0,12,130,15.301852958756726,1
0,24,141,16.690098413336013,1
0,21,94,16.39630390143737,1
1,48,48,14.177624924135142,1
0,1,21,14.800759013282732,1
1,0,0,14.012511170688114,1
0,0,8,14.690265486725664,1
0,21,94,16.39630390143737,1
1,0,0,14.088050314465407,1
0,3,12,14.735126324368377,1
0,7,22,14.6,1
0,26,123,16.666666666666668,1
0,1,0,15.316239316239317,1
0,12,130,15.944922547332185,1
0,36,97,15.799966771889018,1
1,25,59,9.829403871957062,1
0,37,126,15.67016317016317,1
0,26,110,15.971929824561403,1
1,17,43,9.86819199204178,1
0,30,73,15.653188180404353,1
0,24,68,14.669009958992385,1
1,48,48,14.312915394287767,1
1,13,31,9.837251356238697,1
0,4,34,15.693724812895798,1
0,6,19,15.502392344497608,1
0,6,12,16.40371229698376,1
0,23,98,16.016076362722934,1
1,26,52,16.29364368845121,1
1,48,48,13.789196844021848,1
0,7,22,14.617449664429529,1
0,4,16,13.079537729435756,1
0,12,130,15.037055967288527,1
0,22,55,15.827338129496402,1
0,28,121,16.24398886357884,1
0,11,57,16.90592955862684,1
0,1,5,12.529182879377432,1
0,0,8,15.058214747736095,1
0,26,58,15.500180570603106,1
0,29,128,15.898554676847558,1
0,48,226,16.727097705759665,1
0,7,22,14.736129905277402,1
0,0,0,15.416666666666668,1
0,11,65,16.49167733674776,1
0,1,5,12.142857142857142,1
0,30,73,15.61731694281133,1
0,30,73,16.08607389362566,1
0,0,0,17.22222222222222,1
0,15,45,16.454918032786885,1
0,3,23,15.314384151593455,1
0,24,56,15.629038388445458,1
0,43,43,15.77834179357022,1
0,22,94,16.04524886877828,1
0,30,73,15.7421875,1
0,0,8,14.748427672955975,1
0,30,73,15.584415584415584,1
0,5,22,14.373205741626794,1
0,6,12,16.346153846153847,1
0,12,66,15.818658673660547,1
0,10,21,12.147001934235977,1
0,1,8,14.95260663507109,1
0,10,21,12.147001934235977,1
0,22,94,15.538762944304505,1
0,0,2,14.166666666666668,1
0,3,18,13.041362530413625,1
0,0,1,13.548387096774192,1
0,29,124,16.337655464408574,1
0,6,12,16.433734939759038,1
0,1,4,16.0,1
0,1,4,16.0,1
0,9,30,14.163987138263664,1
0,3,26,12.588726513569936,1
1,0,0,12.592592592592593,1
0,19,85,16.241024039962536,1
0,19,85,16.241024039962536,1
0,0,2,14.580801944106927,1
0,0,0,16.311377245508982,1
0,0,0,16.311377245508982,1
0,0,0,15.654520917678811,1
0,0,0,15.654520917678811,1
0,0,0,16.29695885509839,1
0,0,0,16.29695885509839,1
0,0,0,15.770367243562685,1
0,30,75,14.998030720756203,1
0,30,75,15.513452065176203,1
0,0,6,15.222222222222221,1
0,14,78,15.738192636667907,1
0,13,76,15.773101555352243,1
0,30,75,15.506970849176172,1
0,30,75,15.428357650579873,1
0,14,78,15.102739726027396,1
0,14,84,15.510522213561963,1
0,13,76,15.241971958389868,1
0,0,10,14.160090191657272,1
0,13,76,15.77244841048522,1
0,30,75,15.16,1
0,13,84,15.421016005567154,1
0,30,75,15.117986366019927,1
0,31,75,14.905263157894737,1
0,0,6,15.569823434991974,1
0,30,75,15.487481590574374,1
0,30,75,14.888392857142858,1
0,0,0,18.18181818181818,1
0,7,14,13.816631130063966,1
0,5,11,15.017301038062282,1
0,5,11,15.120274914089347,1
0,27,62,15.75366568914956,1
0,27,62,15.965978128797085,1
1,0,0,15.035211267605636,1
0,148,148,14.920056668690549,1
1,0,0,12.027649769585253,1
1,0,0,11.890660592255124,1
0,0,0,15.611448395490026,1
0,0,0,15.611448395490026,1
0,0,0,15.765479452054795,1
0,0,0,15.765479452054795,1
1,1,0,15.949367088607595,1
0,0,0,15.166596372838466,1
0,0,0,14.550831792975972,1
0,0,0,15.221716405327939,1
0,0,0,15.166596372838466,1
0,0,0,15.711506031910753,1
0,0,0,15.711506031910753,1
0,0,0,14.550831792975972,1
0,0,0,15.221716405327939,1
0,0,0,15.016693024073097,1
1,0,0,14.181818181818182,1
1,0,0,14.35483870967742,1
0,0,0,15.857904085257548,1
0,0,0,15.857904085257548,1
0,0,0,20.0,1
0,0,0,15.25974025974026,1
0,0,0,16.262953367875646,1
0,0,0,16.262953367875646,1
0,0,0,16.262953367875646,1
0,0,0,15.768390386016023,1
0,13,54,13.942450311480272,1
0,0,0,15.768390386016023,1
0,12,52,13.335916311507168,1
0,0,0,15.841874084919475,1
0,0,0,15.841874084919475,1
0,0,0,15.841874084919475,1
0,0,0,16.164199192462988,1
0,0,0,16.164199192462988,1
0,0,0,16.164199192462988,1
0,0,0,15.798055816870493,1
0,0,0,15.798055816870493,1
0,0,0,16.07044198895028,1
1,1,0,15.955882352941178,1
1,2,0,15.887096774193548,1
0,0,0,15.993127147766323,1
0,0,0,15.993127147766323,1
0,0,0,15.993127147766323,1
0,0,0,15.775618928235662,1
0,0,0,15.775618928235662,1
0,0,0,15.817655571635312,1
0,0,0,14.36670687575392,1
0,0,0,15.817655571635312,1
0,0,0,14.851965288412455,1
0,0,0,15.817655571635312,1
0,0,0,16.0140350877193,1
0,0,0,15.230694511898982,1
0,0,0,14.206960271019401,1
0,0,0,16.0140350877193,1
0,0,0,16.0140350877193,1
0,0,0,16.0140350877193,1
0,0,0,16.0140350877193,1
0,0,0,16.0140350877193,1
0,0,0,16.30576713819369,1
0,0,0,16.30576713819369,1
0,0,0,16.30576713819369,1
0,0,0,16.421607378129117,1
0,0,0,16.421607378129117,1
0,0,0,16.1669341894061,1
0,0,0,16.1669341894061,1
0,0,0,16.1669341894061,1
0,0,0,15.882566147154765,1
0,0,0,15.882566147154765,1
0,0,0,14.851965288412455,1
0,0,0,16.4412491574927,1
0,0,0,14.766940853897374,1
0,0,0,15.39589931655276,1
0,0,0,13.352082967129547,1
0,0,0,14.745853397538792,1
0,0,0,16.4412491574927,1
0,0,0,16.4412491574927,1
0,0,0,15.17792049991321,1
0,0,0,15.83600256245996,1
0,0,0,14.857674418604653,1
0,0,0,13.695968916949976,1
0,0,0,15.83600256245996,1
0,0,0,14.36670687575392,1
0,0,0,14.67942929384143,1
0,0,0,14.451337727801475,1
0,0,0,14.51086956521739,1
0,0,0,15.373017119522538,1
0,0,0,13.538512726667776,1
1,0,0,14.285714285714286,1
1,0,0,14.970760233918128,1
1,0,0,14.242424242424242,1
1,0,0,15.407407407407408,1
0,0,0,15.04858723277022,1
0,0,0,15.04858723277022,1
0,0,0,14.567455300704353,1
0,0,0,14.567455300704353,1
0,0,0,14.644786040714584,1
0,0,0,14.644786040714584,1
0,0,0,14.519948988886863,1
0,0,0,14.519948988886863,1
0,0,0,14.414113277623027,1
0,0,0,14.414113277623027,1
0,0,0,14.432793136320306,1
0,0,0,14.432793136320306,1
0,0,0,15.215787532275913,1
0,0,0,15.215787532275913,1
0,0,0,14.517887563884157,1
0,0,0,14.517887563884157,1
0,0,0,15.611448395490026,1
0,0,0,16.592007026789634,1
0,0,0,15.611448395490026,1
0,0,0,15.765479452054795,1
0,0,0,15.765479452054795,1
0,0,0,15.711506031910753,1
0,0,0,15.711506031910753,1
0,0,0,16.592007026789634,1
0,0,0,16.592007026789634,1
0,0,0,16.508230072128722,1
0,0,0,16.508230072128722,1
0,0,0,16.508230072128722,1
0,0,0,16.508230072128722,1
0,0,0,16.43438914027149,1
0,0,0,16.43438914027149,1
0,0,0,16.43438914027149,1
0,0,0,16.43438914027149,1
0,0,0,15.605283605283606,1
1,0,0,8.26086956521739,1
1,0,0,15.985401459854014,1
1,0,0,15.913978494623656,1
1,0,0,15.913978494623656,1
1,0,0,17.5,1
1,0,0,15.90062111801242,1
1,1,0,15.89041095890411,1
1,0,1,15.93130779392338,1
1,0,1,15.965417867435159,1
1,0,0,15.91549295774648,1
1,0,0,15.91549295774648,1
1,0,0,15.91549295774648,1
0,13,51,13.34639498432602,1
0,14,53,14.02737981534543,1
0,0,0,16.205128205128204,1
1,0,0,15.142857142857142,1
0,13,56,13.129069322098811,1
1,0,0,15.857142857142856,1
1,0,0,15.345911949685537,1
1,0,0,16.240601503759397,1
1,0,0,16.240601503759397,1
1,0,0,16.240601503759397,1
1,0,0,16.145833333333332,1
1,0,0,16.007194244604317,1
1,0,0,15.986842105263158,1
1,0,0,15.986842105263158,1
1,0,0,15.986842105263158,1
1,0,0,16.0,1
1,0,0,16.382978723404257,1
1,0,0,15.836177474402731,1
1,0,0,15.808823529411764,1
0,0,0,14.80952380952381,1
0,0,0,14.80952380952381,1
0,0,0,14.80952380952381,1
0,0,0,14.859461025789626,1
0,0,0,14.859461025789626,1
0,0,0,14.879264085856649,1
0,0,0,15.80309423347398,1
0,0,0,15.80309423347398,1
0,0,0,15.80309423347398,1
0,0,0,16.320047947258015,1
0,0,0,15.175636966681743,1
0,0,0,15.175636966681743,1
0,0,0,14.657722738218094,1
1,0,0,16.14190687361419,1
1,0,0,16.240601503759397,1
1,1,0,16.17391304347826,1
0,0,4,14.788937409024745,1
1,0,0,15.503875968992249,1
0,0,0,16.43438914027149,1
0,0,0,16.43438914027149,1
0,0,0,16.43438914027149,1
0,0,0,16.43438914027149,1
0,0,0,16.43438914027149,1
0,0,0,16.43438914027149,1
0,0,0,16.43438914027149,1
0,0,0,16.483275452385303,1
0,0,0,16.483275452385303,1
0,0,0,16.483275452385303,1
0,0,0,16.483275452385303,1
0,0,0,16.483275452385303,1
0,0,0,16.483275452385303,1
0,0,0,16.508230072128722,1
0,0,0,16.508230072128722,1
0,0,0,16.508230072128722,1
0,0,0,16.508230072128722,1
0,0,0,16.508230072128722,1
0,0,0,16.508230072128722,1
0,0,0,16.508230072128722,1
0,0,0,16.592007026789634,1
0,0,0,16.592007026789634,1
0,0,0,16.592007026789634,1
0,22,21,14.095238095238097,1
0,0,0,14.64203233256351,1
0,0,0,14.86046511627907,1
1,0,0,16.379310344827587,1
1,0,0,16.379310344827587,1
1,0,0,16.145833333333332,1
1,1,0,15.619047619047619,1
1,0,0,15.856443719412725,1
1,0,0,15.635838150289016,1
1,1,0,15.689981096408319,1
1,1,0,15.689981096408319,1
0,0,0,15.763143018654606,1
1,0,0,15.13888888888889,1
1,1,0,15.974842767295598,1
0,0,0,16.3265306122449,1
0,0,0,12.727272727272727,1
1,0,0,16.239782016348773,1
1,0,0,0.0,1
1,0,0,13.09090909090909,1
1,0,0,17.5,1
1,0,0,16.12781954887218,1
1,0,0,15.617977528089888,1
1,0,0,15.476190476190476,1
0,0,0,14.645669291338583,1
1,3,0,16.090534979423868,1
1,3,0,16.123711340206185,1
1,2,0,15.217391304347828,1
1,2,0,15.723684210526317,1
1,0,0,16.086956521739133,1
1,0,0,14.707692307692309,1
1,0,0,15.708502024291498,1
1,0,0,15.708502024291498,1
1,0,0,15.670103092783505,1
1,0,0,16.007827788649706,1
1,1,0,15.828220858895705,1
1,0,0,15.958549222797927,1
1,0,0,16.236559139784944,1
1,0,0,15.950413223140496,1
0,0,0,15.934065934065933,1
0,0,0,15.934065934065933,1
1,0,0,15.323590814196242,1
1,0,0,15.695067264573993,1
1,3,0,15.646481178396073,1
0,0,0,16.120689655172413,1
0,0,0,16.040899795501023,1
1,0,0,15.392953929539296,1
0,0,0,15.306122448979592,1
1,0,0,15.85542168674699,1
1,0,0,16.387096774193548,1
1,0,0,15.441176470588236,1
1,0,0,14.488188976377954,1
1,0,0,14.269662921348313,1
1,0,0,16.071428571428573,1
1,1,0,15.31062124248497,1
0,0,0,15.934065934065933,1
0,0,0,15.934065934065933,1
0,0,0,15.38677130044843,1
0,0,0,15.51528878822197,1
0,0,0,15.568181818181818,1
1,0,0,20.0,1
1,0,0,16.017316017316016,1
1,0,0,15.985401459854014,1
1,0,0,14.991119005328597,1
1,0,0,15.981308411214954,1
1,0,0,13.488372093023255,1
0,0,0,13.56164383561644,1
1,0,0,15.925925925925926,1
0,0,0,16.842105263157894,1
1,0,0,15.88235294117647,1
1,0,0,14.310344827586208,1
0,0,0,15.506508205998868,1
0,0,0,15.568181818181818,1
0,0,0,15.568181818181818,1
1,1,0,15.910364145658262,1
1,0,0,15.759717314487634,1
1,0,0,16.018099547511312,1
1,0,0,16.06879606879607,1
1,0,0,15.972850678733032,1
1,0,0,16.374269005847953,1
1,2,0,15.426621160409557,1
0,0,0,16.43438914027149,1
0,0,0,16.43438914027149,1
0,0,0,16.43438914027149,1
1,0,0,15.302013422818792,1
1,0,0,15.357142857142858,1
1,0,0,15.280898876404494,1
1,0,0,15.958549222797927,1
1,0,0,15.460251046025103,1
1,0,2,15.94515181194907,1
0,0,0,13.548387096774192,1
1,0,0,16.311475409836063,1
1,0,0,16.288659793814432,1
1,0,0,16.046511627906977,1
1,0,0,14.090909090909092,1
1,0,0,10.769230769230768,1
1,1,0,15.777777777777777,1
1,3,0,15.856777493606138,1
1,0,0,15.884476534296027,1
1,0,0,15.84,1
1,0,0,15.84,1
1,1,0,15.463917525773196,1
0,0,0,15.257731958762886,1
1,0,0,15.89041095890411,1
1,1,0,15.584415584415584,1
1,1,0,15.944444444444446,1
1,0,0,16.066481994459835,1
1,1,0,16.24633431085044,1
1,0,0,16.18018018018018,1
1,0,0,16.240875912408757,1
0,0,0,13.96551724137931,1
1,1,0,16.18320610687023,1
1,0,0,15.714285714285714,1
1,0,0,15.588235294117647,1
1,0,0,15.79676674364896,1
1,0,0,15.555555555555555,1
1,0,0,15.517241379310345,1
1,0,0,15.573770491803279,1
1,0,0,15.628140703517587,1
0,0,0,18.775510204081634,1
1,0,0,14.702892885066458,1
1,0,0,14.702892885066458,1
0,0,0,12.838983050847457,1
0,0,0,12.838983050847457,1
1,0,0,20.0,1
1,0,0,15.454545454545453,1
1,0,0,15.855855855855856,1
0,0,0,16.25,1
1,1,0,16.281407035175878,1
1,1,0,15.966386554621849,1
1,0,0,15.587188612099645,1
1,0,0,15.584415584415584,1
1,0,0,16.19047619047619,1
1,0,0,14.168674698795181,1
1,0,0,14.744842562432138,1
1,1,0,16.19047619047619,1
1,0,0,14.758364312267657,1
1,0,0,14.395604395604396,1
0,0,0,14.223433242506811,1
1,0,0,15.2,1
0,0,0,13.183856502242152,1
1,0,0,12.625,1
1,0,0,14.641909814323608,1
0,0,0,12.070484581497798,1
0,0,1,14.571428571428571,1
1,0,0,14.523809523809524,1
1,0,0,15.64625850340136,1
1,0,0,15.512820512820513,1
1,0,0,17.454545454545453,1
1,0,0,15.939086294416242,1
1,0,0,15.027624309392264,1
0,1,0,14.941860465116278,1
1,0,0,15.527426160337551,1
0,0,0,13.83838383838384,1
1,1,0,16.166666666666668,1
1,0,0,14.946619217081851,1
1,0,0,14.402730375426621,1
1,0,0,14.305084745762713,1
0,0,0,16.266666666666666,1
1,0,0,15.14910536779324,1
1,0,0,14.507772020725389,1
1,1,0,16.071428571428573,1
1,0,0,15.355704697986576,1
1,0,0,15.356200527704484,1
1,0,0,15.672131147540984,1
1,0,0,16.265560165975103,1
1,1,0,15.46419098143236,1
1,0,0,16.39871382636656,1
1,2,0,15.442670537010159,1
1,2,0,15.313432835820894,1
1,0,0,16.01078167115903,1
1,2,0,15.337690631808279,1
0,0,0,15.25,1
1,0,0,15.714285714285714,1
0,0,0,15.510204081632653,1
0,0,0,15.623100303951368,1
1,0,0,14.965517241379311,1
1,0,0,15.920679886685551,1
1,0,0,15.711340206185566,1
1,0,0,15.92039800995025,1
1,0,0,15.918367346938776,1
0,0,0,16.483275452385303,1
0,0,0,16.483275452385303,1
0,0,0,16.483275452385303,1
0,0,0,16.483275452385303,1
0,0,0,16.483275452385303,1
0,0,0,16.483275452385303,1
0,0,0,16.483275452385303,1
0,0,0,16.592007026789634,1
0,0,0,16.592007026789634,1
1,0,0,15.95330739299611,1
0,0,0,16.592007026789634,1
1,0,0,15.294117647058822,1
0,0,0,16.592007026789634,1
1,0,0,15.420560747663552,1
1,0,0,15.28888888888889,1
0,0,0,16.592007026789634,1
0,0,0,16.592007026789634,1
0,0,0,16.592007026789634,1
0,0,0,16.320047947258015,1
0,0,0,16.320047947258015,1
0,0,0,16.320047947258015,1
0,0,0,16.320047947258015,1
0,0,0,16.320047947258015,1
0,0,0,16.320047947258015,1
0,0,0,16.320047947258015,1
0,0,0,16.016393442622952,1
0,0,0,16.016393442622952,1
0,0,0,16.016393442622952,1
0,0,0,16.016393442622952,1
0,0,0,16.016393442622952,1
0,0,0,16.016393442622952,1
0,0,0,16.164948453608247,1
0,0,0,16.164948453608247,1
0,0,0,16.164948453608247,1
0,0,0,16.164948453608247,1
0,0,0,16.164948453608247,1
0,0,0,16.164948453608247,1
0,0,0,16.164948453608247,1
0,0,0,15.83600256245996,1
0,0,0,15.83600256245996,1
0,0,0,15.83600256245996,1
0,0,0,15.83600256245996,1
0,0,0,15.83600256245996,1
0,0,0,15.83600256245996,1
0,0,0,16.220972867269616,1
0,0,0,16.220972867269616,1
0,0,0,16.220972867269616,1
0,0,0,15.636363636363637,1
0,0,0,16.451612903225808,1
0,0,0,16.220972867269616,1
0,0,0,16.220972867269616,1
0,0,0,16.220972867269616,1
0,0,0,16.220972867269616,1
0,0,0,15.605283605283606,1
0,0,0,15.605283605283606,1
0,0,0,15.605283605283606,1
0,0,0,15.605283605283606,1
0,0,0,15.605283605283606,1
0,0,0,15.605283605283606,1
1,0,0,15.135135135135137,1
1,0,0,14.131736526946108,1
1,0,0,15.883905013192612,1
1,0,0,13.021806853582554,1
1,0,0,9.777777777777777,1
0,0,0,14.849785407725323,1
1,0,0,14.59016393442623,1
1,0,0,15.739910313901346,1
1,0,0,15.428571428571429,1
1,0,0,15.719063545150503,1
1,1,0,16.159600997506235,1
1,4,0,16.047619047619047,1
0,0,0,16.1878453038674,1
0,0,0,15.30864197530864,1
1,0,0,15.95959595959596,1
1,0,0,16.022727272727273,1
1,0,0,15.812274368231048,1
1,0,0,16.296296296296294,1
0,1,0,15.076923076923077,1
1,2,0,16.322580645161292,1
1,2,0,16.322580645161292,1
1,1,0,16.011904761904763,1
1,2,0,15.951417004048583,1
1,0,0,16.324786324786324,1
1,0,0,16.324786324786324,1
1,0,0,15.247524752475247,1
0,0,0,15.227272727272727,1
1,1,0,15.39240506329114,1
1,0,0,15.652173913043478,1
1,0,0,14.025974025974026,1
1,0,0,15.211267605633802,1
1,0,0,15.657894736842106,1
1,0,0,14.285714285714286,1
1,0,0,16.047904191616766,1
1,0,0,15.909090909090908,1
1,0,0,16.115107913669064,1
1,0,0,15.348837209302326,1
1,0,0,15.68106312292359,1
1,0,0,15.307692307692307,1
1,0,0,13.404255319148938,1
1,0,0,15.555555555555555,1
1,0,0,15.555555555555555,1
0,0,0,16.056338028169016,1
1,0,0,15.845070422535212,1
1,0,0,15.677419354838708,1
1,0,0,14.985754985754987,1
0,0,0,14.457831325301205,1
0,0,0,14.48,1
0,0,0,15.046473482777474,1
0,0,0,15.046473482777474,1
0,0,0,15.046473482777474,1
0,0,0,15.046473482777474,1
1,0,0,15.448577680525164,1
1,0,0,15.5625,1
0,0,0,15.510204081632653,1
1,1,0,14.271099744245523,1
1,0,0,15.298013245033113,1
1,0,0,15.793103448275863,1
1,0,0,15.866666666666667,1
1,0,0,15.483870967741936,1
1,0,0,15.65432098765432,1
0,0,0,16.200000000000003,1
1,1,0,15.784061696658098,1
1,0,0,15.65891472868217,1
1,0,0,15.706214689265536,1
1,0,0,15.706214689265536,1
1,0,0,16.4,1
1,2,0,15.92814371257485,1
0,1,0,14.625,1
0,0,0,14.88888888888889,1
1,3,0,16.03960396039604,1
1,3,0,16.03960396039604,1
1,1,0,16.29787234042553,1
1,0,0,15.756207674943568,1
0,0,0,15.789473684210527,1
0,0,0,15.625,1
1,1,0,16.0,1
1,1,0,15.324232081911262,1
1,0,0,14.69135802469136,1
0,0,0,16.153846153846153,1
1,1,0,15.684931506849315,1
1,0,0,15.1,1
1,0,0,15.084745762711865,1
1,0,0,16.3265306122449,1
1,0,0,15.743440233236152,1
1,0,0,15.743440233236152,1
0,0,0,15.929018789144049,1
1,2,0,15.644171779141105,1
1,0,0,15.782312925170068,1
1,2,0,15.376623376623378,1
1,2,0,15.376623376623378,1
1,1,0,17.0,1
1,0,0,14.862385321100916,1
1,0,0,15.40983606557377,1
1,0,0,15.348837209302326,1
1,0,0,15.428571428571429,1
1,0,0,15.210084033613445,1
1,0,0,15.302013422818792,1
1,0,0,15.210084033613445,1
1,0,0,15.570469798657719,1
0,0,0,13.656387665198238,1
1,0,0,15.757575757575758,1
1,1,0,15.656108597285067,1
1,1,0,15.11111111111111,1
1,1,0,15.11111111111111,1
1,1,0,14.766355140186915,1
1,1,0,14.766355140186915,1
1,0,0,16.035087719298247,1
1,0,0,15.824915824915823,1
1,0,0,14.693877551020408,1
1,0,0,16.08346709470305,1
1,0,0,14.19607843137255,1
1,0,0,14.936708860759493,1
1,0,0,16.0251572327044,1
1,0,0,16.18805590851334,1
1,0,0,10.212765957446807,1
1,0,0,12.941176470588236,1
1,0,0,14.285714285714286,1
1,0,0,15.767195767195767,1
1,0,0,14.631379962192817,1
1,1,0,15.665634674922602,1
1,0,0,14.202898550724639,1
1,0,0,15.384615384615385,1
1,0,0,14.298850574712642,1
0,0,0,14.248704663212434,1
1,0,0,15.505952380952381,1
1,0,0,15.505952380952381,1
1,0,0,15.505952380952381,1
1,0,0,15.950266429840143,1
1,0,0,15.841584158415841,1
1,1,0,15.964523281596453,1
1,0,0,15.686274509803921,1
1,0,0,15.773955773955775,1
1,0,0,15.780590717299578,1
1,1,0,15.578465063001145,1
1,0,0,14.925373134328359,1
1,0,0,15.545454545454545,1
0,0,0,12.5,1
0,0,0,11.891891891891893,1
0,0,0,12.820512820512821,1
0,0,0,15.815899581589958,1
0,0,0,15.9375,1
0,0,0,15.789473684210527,1
1,0,0,15.776892430278885,1
1,0,0,15.64102564102564,1
1,0,0,15.450081833060556,1
1,0,2,15.342465753424657,1
1,0,0,15.828220858895705,1
1,0,0,15.796178343949045,1
1,0,0,15.454545454545453,1
1,0,0,16.019900497512438,1
1,0,0,14.767441860465116,1
1,0,0,14.814814814814813,1
1,1,0,15.399361022364218,1
1,0,0,16.454545454545453,1
1,0,0,15.688073394495412,1
1,0,0,15.529411764705882,1
1,0,0,15.652173913043478,1
1,0,0,15.652173913043478,1
1,0,0,15.29137529137529,1
0,0,0,16.31578947368421,1
0,0,0,14.721202003338899,1
0,0,0,14.721202003338899,1
0,0,0,15.009855453350854,1
0,0,0,14.691558441558442,1
0,0,0,13.878231859883236,1
0,0,0,14.618550174105728,1
0,0,0,16.658227848101266,1
0,0,0,13.174603174603174,1
0,0,0,13.255360623781677,1
0,0,0,12.785388127853881,1
0,0,0,13.682092555331993,1
0,0,0,14.682274247491637,1
0,0,0,12.901408450704226,1
0,0,0,15.352941176470589,1
1,0,0,15.352941176470589,1
0,0,0,13.478260869565217,1
0,0,0,11.517241379310345,1
0,0,0,12.864864864864865,1
0,0,0,12.432432432432432,1
0,0,0,13.264248704663213,1
0,0,0,11.022727272727273,1
0,0,0,12.915662650602409,1
0,0,0,10.15625,1
0,0,0,10.27972027972028,1
0,0,0,11.406844106463879,1
0,0,0,11.245791245791246,1
0,0,0,10.708661417322835,1
0,0,0,13.270676691729324,1
0,0,0,13.318681318681318,1
0,0,0,13.415132924335378,1
0,0,0,11.799410029498524,1
0,0,0,13.452115812917596,1
0,0,0,14.625228519195613,1
0,0,0,13.239929947460595,1
0,0,0,14.19624217118998,1
0,0,0,11.99124726477024,1
0,0,0,12.642706131078224,1
0,0,0,12.301587301587302,1
0,0,0,13.345454545454544,1
1,0,0,15.725190839694656,1
1,0,0,16.188235294117646,1
0,0,0,15.88235294117647,1
1,0,0,15.670731707317074,1
1,0,0,15.492957746478872,1
1,1,0,15.68,1
1,0,0,15.603448275862068,1
1,0,0,14.394904458598726,1
1,0,0,16.071428571428573,1
1,0,0,15.427435387673956,1
1,0,0,16.296296296296294,1
1,0,0,15.74712643678161,1
1,0,0,15.83815028901734,1
1,0,0,15.859030837004404,1
1,0,0,15.872093023255813,1
1,0,0,16.01965601965602,1
1,0,0,15.577557755775578,1
1,0,0,15.855855855855856,1
1,0,0,15.431034482758621,1
1,0,0,15.585106382978724,1
1,0,0,16.068376068376068,1
1,0,0,15.929203539823009,1
1,0,0,15.37981269510926,1
1,0,0,15.315729047072331,1
1,0,0,16.11650485436893,1
1,0,0,16.237623762376238,1
1,0,0,13.764705882352942,1
1,0,0,16.08832807570978,1
1,0,0,15.849056603773587,1
1,0,2,15.375722543352602,1
1,0,0,15.88607594936709,1
1,0,0,15.982142857142858,1
0,0,0,14.561403508771932,1
1,0,0,15.151515151515152,1
1,0,0,15.688816855753647,1
1,0,0,16.071428571428573,1
1,1,0,16.435185185185187,1
1,0,0,15.223880597014926,1
0,0,0,15.575221238938052,1
1,3,0,15.803402646502835,1
1,0,0,14.658119658119658,1
0,0,0,15.733333333333333,1
0,0,0,15.982142857142858,1
1,0,0,16.5625,1
1,0,0,15.257731958762886,1
1,0,0,15.43175487465181,1
1,0,0,16.017316017316016,1
0,0,0,14.108231707317074,1
0,0,0,11.974763406940063,1
0,0,0,15.028486499876145,1
0,0,0,15.05525571832434,1
0,0,0,14.447926267281106,1
0,0,0,14.53356890459364,1
0,0,0,14.40389294403893,1
0,0,0,15.54881412024269,1
0,0,0,14.894482583269768,1
0,0,0,14.894482583269768,1
0,0,0,15.113847583643123,1
0,0,0,14.037716352363729,1
0,0,0,15.852313167259787,1
0,0,0,15.583176759647348,1
0,0,0,15.094017094017094,1
0,0,0,15.094017094017094,1
0,0,0,15.511617515638962,1
0,0,0,15.511617515638962,1
0,0,0,15.109870098336772,1
0,0,0,15.109870098336772,1
0,0,0,14.891939994914821,1
0,0,0,14.891939994914821,1
1,0,0,15.409756097560976,1
0,0,0,14.564796905222437,1
1,0,0,15.743243243243244,1
1,0,0,15.514403292181068,1
1,0,0,17.6,1
1,0,0,15.684007707129094,1
1,0,0,15.675146771037182,1
1,2,0,15.18181818181818,1
1,2,0,14.879227053140095,1
1,0,0,13.69047619047619,1
1,4,0,15.97667638483965,1
1,4,0,15.942446043165468,1
1,4,0,15.755894590846047,1
0,0,0,16.135770234986946,1
1,1,0,16.137479541734862,1
1,0,0,16.245210727969347,1
1,0,0,16.023166023166024,1
1,0,0,16.097560975609756,1
1,0,0,15.887096774193548,1
1,0,0,15.649717514124292,1
1,0,0,14.925373134328359,1
1,0,0,15.813953488372093,1
1,0,0,15.675675675675675,1
1,0,0,15.772113943028485,1
1,0,0,15.789473684210527,1
1,0,0,16.049382716049383,1
1,0,2,15.289855072463768,1
1,0,0,15.774647887323942,1
1,0,0,16.06060606060606,1
1,0,0,15.8364312267658,1
1,0,0,15.77570093457944,1
1,0,0,16.179775280898877,1
1,0,0,18.823529411764707,1
1,0,0,16.214689265536723,1
1,0,0,16.214689265536723,1
1,0,0,15.934065934065933,1
1,0,0,0.0,1
1,0,0,15.802469135802468,1
1,0,0,15.75,1
1,0,0,15.635491606714629,1
1,0,0,15.842696629213485,1
1,0,0,15.625,1
1,0,0,15.3008377760853,1
1,0,0,15.619047619047619,1
1,0,0,15.8162885831164,1
1,0,0,15.942028985507246,1
1,0,0,15.957446808510639,1
1,0,0,16.018306636155607,1
1,0,0,13.595505617977528,1
1,0,0,16.293706293706293,1
1,0,0,15.957446808510639,1
1,0,0,16.216216216216218,1
1,0,0,15.924308588064047,1
1,1,0,15.845070422535212,1
1,1,0,15.671875,1
1,0,0,15.830618892508143,1
1,0,0,15.600475624256838,1
1,0,0,15.600475624256838,1
1,0,0,14.405144694533762,1
1,0,0,15.83815028901734,1
1,0,0,15.936990765888105,1
1,0,0,16.293929712460063,1
1,0,0,15.103338632750399,1
1,0,0,15.595238095238095,1
1,0,0,16.281407035175878,1
1,0,0,15.412844036697248,1
1,0,0,15.433070866141732,1
0,0,0,16.453757807777553,1
0,0,0,16.453757807777553,1
0,0,0,16.453757807777553,1
0,0,0,16.453757807777553,1
0,0,0,16.453757807777553,1
0,0,0,16.453757807777553,1
1,0,0,15.699481865284975,1
1,0,0,15.7246856386499,1
0,0,0,16.592007026789634,1
0,0,0,16.592007026789634,1
0,0,0,16.592007026789634,1
0,0,0,16.592007026789634,1
0,0,0,16.592007026789634,1
0,0,0,16.592007026789634,1
0,0,0,16.592007026789634,1
0,0,0,15.133531157270031,1
0,0,0,15.689819219790675,1
0,0,0,15.709555345316934,1
1,0,0,15.691318327974278,1
1,0,0,15.578034682080926,1
1,0,0,16.0,1
1,0,0,15.991189427312776,1
1,0,0,15.247524752475247,1
0,0,0,15.883424408014573,1
1,0,0,15.555555555555555,1
0,0,0,14.892528147389969,1
0,0,0,14.521354933726068,1
0,0,0,15.36,1
0,0,0,14.81188118811881,1
0,0,0,15.36,1
0,0,0,15.075187969924812,1
0,0,0,14.251781472684087,1
0,0,0,15.666666666666666,1
0,0,0,15.666666666666666,1
0,0,0,14.81188118811881,1
0,0,0,15.075187969924812,1
0,0,0,15.099476439790575,1
0,0,0,15.099476439790575,1
0,0,0,14.177215189873419,1
0,0,0,14.177215189873419,1
0,0,0,14.813979706877113,1
0,0,0,14.813979706877113,1
0,0,0,15.67123287671233,1
0,0,0,16.170212765957444,1
0,5,0,16.484210526315792,1
0,0,0,13.277027027027026,1
0,0,0,15.9375,1
1,0,0,15.710455764075066,1
1,0,0,15.727272727272727,1
1,0,0,16.371681415929203,1
1,1,0,14.971521562245728,1
1,0,0,14.693877551020408,1
1,1,0,16.16,1
0,0,0,16.0,1
1,0,0,14.310344827586208,1
1,0,0,15.66320645905421,1
1,0,0,15.66320645905421,1
1,0,0,15.121951219512194,1
1,0,0,15.577889447236181,1
1,0,0,16.095617529880478,1
1,0,0,16.269430051813472,1
1,0,0,15.736842105263158,1
1,0,0,15.680473372781066,1
1,0,0,15.490196078431373,1
1,0,0,16.0,1
1,0,0,16.316590563165903,1
1,0,0,15.102040816326529,1
1,0,0,15.64516129032258,1
1,0,0,15.616717635066259,1
1,0,0,15.64516129032258,1
1,0,0,15.78544061302682,1
1,0,0,15.673076923076923,1
1,0,0,15.472370766488412,1
1,0,0,15.247524752475247,1
1,0,0,16.097560975609756,1
1,0,0,15.981308411214954,1
1,0,0,16.22047244094488,1
1,0,0,17.142857142857142,1
1,0,0,14.415584415584416,1
1,0,0,15.103244837758112,1
1,1,0,15.285171102661597,1
1,0,1,15.276381909547737,1
0,0,0,14.892528147389969,1
0,0,0,15.222222222222221,1
0,0,0,14.405001116320609,1
0,0,0,14.91896272285251,1
0,0,0,15.10528406833532,1
0,0,0,14.018874064432152,1
0,0,0,14.095238095238097,1
0,0,0,12.234718826405867,1
0,0,0,14.69983552631579,1
0,0,0,12.002262443438914,1
0,0,0,12.852760736196318,1
1,0,0,16.0,1
0,0,0,13.706293706293707,1
0,0,0,16.19047619047619,1
0,0,0,12.38562091503268,1
0,0,0,14.136883905629524,1
0,0,0,10.879848628192999,1
0,0,0,12.48068669527897,1
0,0,0,10.890173410404625,1
1,0,0,15.892857142857142,1
1,0,0,15.84,1
1,0,0,16.24784853700516,1
1,0,0,14.41860465116279,1
1,0,0,15.723684210526317,1
1,0,0,15.580357142857142,1
1,0,0,15.725806451612902,1
1,0,2,15.05226480836237,1
1,0,0,15.789473684210527,1
1,0,0,15.838926174496644,1
1,0,0,16.291390728476824,1
1,0,0,15.726495726495726,1
1,0,0,15.238095238095237,1
1,2,0,15.674300254452927,1
1,0,0,16.163793103448278,1
1,0,0,14.936708860759493,1
1,0,0,15.294117647058822,1
1,0,1,16.103286384976524,1
1,1,0,16.541353383458645,1
1,1,0,16.296296296296294,1
1,0,0,15.985130111524164,1
1,0,0,16.044776119402986,1
1,0,0,15.985130111524164,1
1,0,0,15.892857142857142,1
1,0,0,16.013513513513512,1
1,0,0,15.930735930735931,1
0,0,0,15.68488289567069,1
1,0,0,14.564796905222437,1
0,0,0,14.564796905222437,1
0,0,0,14.692862472021886,1
0,0,0,14.892528147389969,1
0,0,0,15.222222222222221,1
0,0,0,15.08235294117647,1
0,0,0,14.136883905629524,1
0,0,0,13.551698851136642,1
0,0,0,13.313054499366286,1
0,0,0,13.30757341576507,1
0,0,0,14.572043010752688,1
0,0,0,14.69983552631579,1
0,0,0,14.405001116320609,1
0,0,0,13.819119025304591,1
0,0,0,14.91896272285251,1
0,0,0,13.819119025304591,1
1,0,3,15.796178343949045,1
1,0,0,15.600739371534196,1
1,0,0,15.607476635514018,1
1,0,0,15.927051671732524,1
1,0,0,16.18421052631579,1
1,0,0,15.739348370927317,1
1,0,0,15.842696629213485,1
1,0,0,16.108597285067873,1
1,0,0,13.363636363636363,1
1,2,0,15.17970401691332,1
1,0,0,15.555555555555555,1
1,0,0,14.08695652173913,1
1,0,0,14.942528735632184,1
1,1,0,15.647382920110193,1
1,1,0,15.935483870967742,1
1,0,0,16.099585062240664,1
1,0,0,15.825426944971536,1
1,0,0,15.862068965517242,1
1,0,0,14.10958904109589,1
1,0,0,15.699658703071673,1
1,1,0,15.833333333333332,1
0,0,0,15.8364312267658,1
0,0,0,15.988497483824586,1
0,0,0,14.497607655502392,1
0,0,0,15.287958115183248,1
0,0,0,16.062992125984252,1
0,0,0,15.875343721356554,1
0,0,0,15.099476439790575,1
0,0,0,14.8,1
0,0,0,14.813979706877113,1
0,0,0,14.177215189873419,1
0,0,0,14.813979706877113,1
0,0,0,14.177215189873419,1
1,0,0,16.53333333333333,1
1,1,0,15.649999999999999,1
1,0,0,16.350093109869647,1
1,0,0,16.274509803921568,1
1,0,0,16.70212765957447,1
1,1,0,16.321070234113712,1
1,0,0,16.142857142857142,1
1,0,0,15.726495726495726,1
1,0,0,16.257309941520468,1
1,0,0,16.349206349206348,1
1,0,0,14.02359108781127,1
1,0,0,16.0,1
1,0,0,16.73469387755102,1
1,0,0,16.581196581196583,1
1,0,0,16.168067226890756,1
1,0,0,16.482084690553748,1
1,0,0,16.33986928104575,1
1,0,0,16.31578947368421,1
1,0,0,15.942028985507246,1
1,0,0,16.160714285714285,1
1,0,0,16.45320197044335,1
1,0,0,16.1864406779661,1
1,0,0,15.905511811023622,1
1,0,0,16.526315789473685,1
1,0,0,16.288659793814432,1
1,0,0,16.690647482014388,1
1,0,0,15.454545454545453,1
1,0,0,17.037037037037038,1
0,0,0,15.287958115183248,1
0,0,0,15.667001003009027,1
0,0,0,15.875343721356554,1
0,0,0,16.062992125984252,1
0,0,0,14.813979706877113,1
0,0,0,14.8,1
0,0,0,15.099476439790575,1
0,0,0,15.684803001876173,1
0,0,0,15.8364312267658,1
0,0,0,14.813979706877113,1
0,0,0,14.497607655502392,1
0,0,0,14.177215189873419,1
0,0,0,15.376344086021504,1
0,0,0,14.893617021276595,1
1,0,0,16.11111111111111,1
1,0,0,16.129032258064516,1
1,0,0,16.11111111111111,1
1,0,0,16.038338658146966,1
1,0,0,16.166134185303513,1
1,0,0,16.11111111111111,1
1,0,0,15.631067961165048,1
1,0,0,16.128293241695303,1
1,0,0,14.230769230769232,1
1,0,0,14.926829268292682,1
1,1,0,16.156583629893237,1
1,0,0,15.909090909090908,1
1,0,0,15.102040816326529,1
1,0,0,15.551257253384914,1
0,0,0,15.684803001876173,1
0,0,0,15.667001003009027,1
0,0,0,15.287958115183248,1
0,0,0,16.062992125984252,1
0,0,0,15.875343721356554,1
0,0,0,13.846153846153847,1
0,0,0,15.099476439790575,1
0,0,0,14.8,1
0,0,0,14.813979706877113,1
0,0,0,14.177215189873419,1
1,0,0,15.970149253731343,1
1,0,0,15.527638190954773,1
1,1,0,15.339506172839506,1
1,0,0,16.040201005025125,1
1,0,0,15.56701030927835,1
1,0,0,15.945945945945946,1
1,0,0,15.369458128078817,1
1,0,0,15.68421052631579,1
1,0,0,15.769230769230768,1
1,0,0,15.89098532494759,1
1,0,0,15.565217391304348,1
1,0,0,15.294117647058822,1
1,0,0,15.427350427350428,1
1,4,0,13.99650959860384,1
1,0,0,15.906680805938493,1
1,0,0,15.804597701149426,1
1,0,0,15.766423357664234,1
1,0,0,15.833333333333332,1
1,0,0,15.683060109289617,1
1,0,0,16.158940397350992,1
1,0,0,16.15141955835962,1
1,0,0,16.175548589341695,1
1,0,0,15.645933014354068,1
1,4,0,15.599078341013826,1
1,0,0,16.0,1
1,0,0,15.578947368421051,1
1,0,0,15.819935691318328,1
1,0,0,15.80110497237569,1
1,4,0,15.910780669144982,1
0,0,0,15.545023696682465,1
0,0,0,15.627240143369177,1
0,0,0,15.586206896551724,1
0,0,0,15.8364312267658,1
0,0,0,15.349940688018979,1
0,0,0,14.177215189873419,1
0,0,0,14.394321044195099,1
0,0,0,14.813979706877113,1
0,0,0,14.8,1
0,0,0,14.383530991273215,1
0,0,0,13.819119025304591,1
1,1,0,16.05,1
1,2,0,15.164075993091537,1
1,2,0,15.51155115511551,1
1,1,0,15.754716981132075,1
1,0,0,15.053763440860216,1
1,0,0,16.0,1
1,0,0,15.294117647058822,1
1,0,0,15.212765957446807,1
1,0,0,15.345454545454544,1
0,0,0,14.90909090909091,1
0,0,0,14.317548746518105,1
0,0,0,14.272300469483568,1
0,0,0,13.201133144475921,1
0,0,0,12.190476190476192,1
0,0,0,15.682926829268293,1
0,0,0,15.94908062234795,1
0,0,0,15.569735642661804,1
1,0,0,15.80110497237569,1
1,0,0,16.296296296296294,1
1,0,0,16.22047244094488,1
1,0,0,15.910780669144982,1
1,0,0,15.757575757575758,1
1,0,0,15.804195804195803,1
1,0,0,15.286624203821656,1
1,0,0,15.286624203821656,1
0,0,0,14.176470588235295,1
0,0,0,13.277777777777777,1
0,0,0,14.429824561403509,1
0,0,0,14.449339207048457,1
0,0,0,14.954954954954955,1
0,0,0,14.912280701754385,1
1,0,0,12.800620636152056,1
1,0,0,13.269398430688753,1
0,0,0,14.762886597938145,1
0,0,0,13.369565217391305,1
0,0,0,14.3142144638404,1
0,0,0,12.466666666666665,1
0,0,0,13.3125,1
1,1,0,15.625,1
1,0,0,15.257731958762886,1
1,0,0,16.22641509433962,1
1,0,0,15.950155763239875,1
1,0,0,15.319148936170212,1
1,0,0,15.660377358490567,1
1,0,0,16.106194690265486,1
1,0,0,15.279503105590063,1
1,0,0,15.833333333333332,1
1,0,0,14.142480211081793,1
1,0,0,16.271186440677965,1
1,0,0,16.228571428571428,1
0,0,0,15.087719298245615,1
0,0,0,15.161290322580644,1
0,0,0,15.961538461538463,1
1,0,0,16.043010752688172,1
1,0,0,16.25,1
1,0,0,16.247334754797443,1
1,0,0,16.419753086419753,1
1,0,0,15.256916996047432,1
1,0,0,15.847619047619048,1
1,0,0,16.372315035799524,1
1,0,0,13.537787513691129,1
1,0,0,15.904761904761903,1
1,0,0,15.757575757575758,1
1,0,0,14.555555555555555,1
1,0,0,14.772727272727273,1
1,0,1,14.453125,1
1,0,0,15.420875420875422,1
0,0,0,0.0,1
0,0,0,0.0,1
1,0,0,16.209476309226932,1
1,3,0,16.10705596107056,1
1,0,0,16.209476309226932,1
1,0,0,15.729537366548044,1
0,1,1,15.771379458530298,1
1,0,0,14.612244897959183,1
1,0,0,15.232067510548523,1
0,0,0,15.087719298245615,1
1,0,0,16.119402985074625,1
1,0,0,15.268571428571429,1
1,0,0,15.36555142503098,1
1,0,0,15.304347826086957,1
1,0,0,15.309842041312272,1
1,0,0,15.31812725090036,1
1,0,0,15.851393188854491,1
1,0,0,14.933333333333334,1
1,0,0,15.298416565164434,1
1,0,0,15.26829268292683,1
1,0,0,16.16519174041298,1
1,1,0,15.782312925170068,1
1,1,0,15.63150074294205,1
1,0,0,15.145118733509236,1
1,0,0,13.91304347826087,1
1,0,0,15.918367346938776,1
1,0,0,14.615384615384615,1
1,0,0,15.393474088291747,1
1,0,0,15.880398671096344,1
1,0,0,15.747241725175527,1
1,0,0,15.716814159292037,1
1,0,0,16.071428571428573,1
1,0,0,15.384615384615385,1
1,0,0,16.37795275590551,1
1,0,0,14.685990338164252,1
1,0,0,15.307262569832403,1
1,0,0,14.906367041198504,1
1,0,0,15.667870036101084,1
1,3,0,16.0,1
1,0,0,15.649546827794563,1
1,1,0,15.77092511013216,1
1,0,0,15.141388174807197,1
0,0,0,16.290676781792772,1
0,0,0,11.652542372881356,1
0,0,0,10.605326876513317,1
0,0,0,10.494117647058822,1
0,0,0,9.010989010989011,1
0,0,0,9.13649025069638,1
1,2,0,15.965909090909092,1
1,2,0,16.125356125356124,1
1,0,0,15.336860670194003,1
0,0,0,10.650406504065039,1
0,0,0,15.186064924782265,1
0,0,0,15.030060120240481,1
1,0,0,15.030060120240481,1
1,0,0,14.356435643564357,1
1,0,0,14.44866920152091,1
1,0,0,20.0,1
0,0,0,6.086956521739131,1
0,0,0,8.0,1
0,0,0,6.363636363636363,1
0,0,0,8.169014084507042,1
0,0,0,8.859060402684564,1
0,0,0,16.43438914027149,1
0,0,0,16.43438914027149,1
0,0,0,16.483275452385303,1
1,0,0,15.510204081632653,1
1,0,0,14.671814671814671,1
1,0,0,15.510204081632653,1
1,0,0,15.555555555555555,1
1,0,0,5.652173913043478,1
1,0,0,13.939393939393941,1
1,0,0,15.454545454545453,1
1,0,0,15.25,1
0,0,0,15.676905574516496,1
1,1,0,15.930232558139535,1
1,0,0,15.710306406685238,1
1,0,0,15.710306406685238,1
1,0,0,15.410958904109588,1
0,0,0,12.741935483870968,1
0,0,0,13.746312684365783,1
0,0,0,12.188841201716738,1
0,0,0,9.815950920245399,1
0,0,0,11.16504854368932,1
1,0,0,15.931034482758621,1
1,0,0,16.402321083172147,1
1,0,0,15.714285714285714,1
1,0,0,15.820895522388058,1
1,0,0,15.696517412935322,1
1,0,0,15.789473684210527,1
1,0,0,16.07843137254902,1
1,1,0,16.0,1
1,0,0,16.172839506172842,1
1,0,0,15.416666666666668,1
1,1,0,15.919540229885058,1
1,0,0,15.649546827794563,1
1,0,0,15.805022156573116,1
1,0,0,16.292134831460675,1
1,0,1,15.744157441574416,1
1,0,1,15.716096324461343,1
1,0,1,15.716096324461343,1
1,0,1,15.716096324461343,1
1,0,1,15.716096324461343,1
1,0,1,15.716096324461343,1
1,0,0,16.125356125356124,1
1,1,0,15.845588235294116,1
1,0,0,16.385542168674696,1
0,0,0,14.89771833202203,1
1,1,0,16.047430830039527,1
1,0,0,15.633187772925766,1
1,0,0,15.824175824175823,1
1,0,0,16.06060606060606,1
0,1,0,16.13810385632744,1
0,0,0,11.16504854368932,1
0,0,0,14.100294985250736,1
0,0,0,13.987730061349692,1
0,0,0,12.936507936507937,1
0,0,0,12.424242424242424,1
0,0,0,11.571428571428573,1
0,0,0,9.074074074074074,1
0,0,0,10.283400809716598,1
0,0,0,8.376068376068377,1
0,0,0,12.708333333333332,1
0,0,0,11.735537190082646,1
0,0,0,13.742690058479532,1
1,0,0,14.57286432160804,1
0,0,0,12.222222222222223,1
0,0,0,13.378378378378379,1
1,0,0,16.254980079681275,1
1,0,0,16.02962962962963,1
1,0,0,15.499058380414311,1
1,0,0,15.681818181818182,1
1,1,0,16.135265700483092,1
1,0,0,16.41025641025641,1
1,1,0,15.84045584045584,1
1,0,0,14.142480211081793,1
1,1,0,16.444444444444443,1
1,0,0,16.196868008948545,1
1,0,0,16.196868008948545,1
1,0,0,16.196868008948545,1
1,0,0,14.129353233830846,1
1,0,0,15.986277873070327,1
1,0,0,14.333333333333334,1
1,0,0,16.52733118971061,1
1,0,2,15.56910569105691,1
1,0,2,15.095948827292112,1
1,0,2,15.095948827292112,1
1,0,2,15.0,1
0,0,0,10.352941176470589,1
0,0,0,10.285714285714285,1
0,0,0,11.818181818181818,1
0,0,0,12.222222222222223,1
0,0,0,10.416666666666668,1
0,0,0,9.875,1
0,0,0,11.296296296296296,1
0,0,0,7.526881720430108,1
0,0,0,8.045977011494253,1
0,0,0,8.0,1
0,0,0,8.8,1
0,0,0,8.311688311688313,1
0,0,0,11.16504854368932,1
0,0,0,12.72,1
1,0,0,15.432098765432098,1
0,0,0,12.635658914728683,1
0,0,0,13.354430379746836,1
0,0,0,12.82258064516129,1
0,0,0,12.176656151419557,1
0,0,0,12.302405498281788,1
0,0,0,13.351206434316353,1
0,0,0,14.90566037735849,1
0,0,0,14.816053511705684,1
0,0,0,13.273273273273274,1
0,0,0,12.481751824817518,1
0,0,0,14.460176991150442,1
0,0,0,13.273273273273274,1
1,0,0,15.283582089552239,1
1,0,0,15.692307692307692,1
1,0,0,15.151515151515152,1
1,1,0,14.94949494949495,1
0,0,0,15.796610169491526,1
1,0,0,15.727272727272727,1
0,0,0,10.285714285714285,1
0,0,0,12.845528455284555,1
0,0,0,12.188841201716738,1
0,0,0,12.222222222222223,1
0,0,0,12.47148288973384,1
0,0,0,10.348837209302326,1
0,0,0,11.016042780748663,1
0,0,0,8.169014084507042,1
0,0,0,8.88888888888889,1
0,0,0,7.526881720430108,1
0,0,0,8.0,1
0,0,0,8.8,1
0,0,0,8.311688311688313,1
0,0,0,8.045977011494253,1
1,0,0,15.9375,1
1,0,0,15.113636363636365,1
1,0,0,15.83180987202925,1
1,0,0,15.770700636942676,1
1,0,0,16.0,1
0,0,0,15.524475524475525,1
1,0,0,16.216216216216218,1
1,0,0,15.90643274853801,1
1,0,0,16.923076923076923,1
1,0,0,15.662650602409638,1
1,0,0,15.662650602409638,1
1,0,0,15.662650602409638,1
1,0,0,15.662650602409638,1
0,1,0,15.880281690140844,1
0,0,0,15.83011583011583,1
0,0,0,15.949367088607595,1
1,0,0,10.674157303370785,1
1,0,0,15.911458333333332,1
0,1,0,15.669811320754716,1
1,0,0,15.692307692307692,1
1,0,0,15.911458333333332,1
1,0,0,16.296296296296294,1
1,2,0,15.849056603773587,1
1,0,0,15.824175824175823,1
1,0,0,15.604395604395604,1
0,0,0,15.733333333333333,1
1,4,0,15.600000000000001,1
0,0,0,7.424242424242424,1
0,0,0,8.843537414965986,1
0,0,0,12.188841201716738,1
0,0,0,7.32824427480916,1
0,0,0,10.348837209302326,1
0,0,0,8.859060402684564,1
0,0,0,9.875,1
0,0,0,9.349112426035504,1
0,0,0,8.387096774193548,1
0,0,0,8.169014084507042,1
0,0,0,6.758620689655173,1
0,0,0,8.4,1
1,0,0,16.385542168674696,1
1,0,0,15.52511415525114,1
1,0,0,16.057142857142857,1
1,2,0,15.885167464114833,1
1,0,0,15.909090909090908,1
1,1,0,16.114457831325304,1
1,0,0,15.345911949685537,1
1,0,0,15.945945945945946,1
1,0,0,15.334685598377282,1
1,0,0,15.267857142857142,1
1,0,0,15.267857142857142,1
1,0,0,16.52173913043478,1
1,0,0,16.0,1
0,0,0,11.176470588235293,1
0,0,0,7.424242424242424,1
0,0,0,8.4,1
0,0,0,8.4,1
0,0,0,12.377358490566037,1
0,0,0,10.87557603686636,1
0,0,0,11.16504854368932,1
0,0,0,12.72,1
0,0,0,12.936507936507937,1
0,0,0,11.735537190082646,1
0,0,0,9.83425414364641,1
0,0,0,10.458715596330276,1
0,0,0,9.702970297029703,1
0,0,0,9.956709956709958,1
1,0,0,16.25,1
0,0,0,16.842105263157894,1
1,0,0,15.384615384615385,1
1,0,0,15.833333333333332,1
1,1,0,15.65625,1
0,0,0,8.51063829787234,1
0,0,0,7.424242424242424,1
0,0,0,12.188841201716738,1
0,0,0,7.32824427480916,1
0,0,0,8.859060402684564,1
0,0,0,8.169014084507042,1
0,0,0,8.387096774193548,1
0,0,0,11.016042780748663,1
1,0,0,15.515151515151516,1
1,0,0,15.76470588235294,1
0,0,0,8.148148148148147,1
0,0,0,6.758620689655173,1
0,0,0,6.758620689655173,1
0,0,0,7.671232876712328,1
0,0,0,9.83425414364641,1
0,0,0,10.348837209302326,1
1,0,0,15.9375,1
1,0,0,16.044776119402986,1
1,0,0,15.984848484848484,1
1,0,0,16.242424242424242,1
1,0,0,14.814814814814813,1
1,0,0,16.11650485436893,1
0,0,0,17.77777777777778,1
0,0,0,16.16580310880829,1
1,0,0,15.783365570599612,1
1,0,0,16.451612903225808,1
0,0,0,14.506792675723567,1
0,0,0,14.506792675723567,1
0,0,0,14.685990338164252,1
0,0,0,14.685990338164252,1
0,0,0,14.666666666666666,1
0,0,0,14.429611650485437,1
0,0,0,14.823766364551862,1
0,0,0,15.016101065147387,1
0,0,0,14.816053511705684,1
0,0,0,14.977045638671347,1
0,0,0,14.687232219365896,1
0,0,0,14.682312535775615,1
0,0,0,15.774956217162872,1
1,0,0,16.115107913669064,1
1,0,0,16.5625,1
1,0,0,16.5625,1
0,0,0,6.758620689655173,1
0,0,0,6.758620689655173,1
0,0,0,8.859060402684564,1
0,0,0,10.348837209302326,1
0,0,0,8.843537414965986,1
0,0,0,9.6,1
0,0,0,12.188841201716738,1
0,0,0,7.32824427480916,1
0,0,0,11.016042780748663,1
0,0,0,8.169014084507042,1
0,0,0,9.83425414364641,1
0,0,0,8.387096774193548,1
0,0,0,7.671232876712328,1
0,0,0,8.148148148148147,1
1,0,0,16.003996003996004,1
0,0,0,11.176470588235293,1
0,0,0,10.91743119266055,1
0,0,0,11.16504854368932,1
0,0,0,9.540229885057471,1
0,0,0,9.702970297029703,1
0,0,0,10.416666666666668,1
0,0,0,12.72,1
0,0,0,11.016042780748663,1
0,0,0,8.4,1
0,0,0,8.4,1
0,0,0,12.188841201716738,1
0,0,0,9.956709956709958,1
0,0,0,11.954887218045114,1
0,0,0,10.458715596330276,1
1,0,0,15.913312693498451,1
1,1,1,14.761904761904763,1
1,0,0,15.833333333333332,1
1,0,0,15.161290322580644,1
1,0,0,15.161290322580644,1
0,0,0,16.327345309381236,1
1,1,0,15.837837837837839,1
1,0,0,16.034732272069466,1
1,0,0,16.034732272069466,1
1,0,0,15.977653631284916,1
1,0,0,12.8,1
1,1,0,16.27906976744186,1
1,0,0,14.85148514851485,1
1,0,0,15.981735159817351,1
1,0,0,16.0,1
1,0,0,15.506329113924052,1
1,0,0,16.059850374064837,1
1,1,0,15.849056603773587,1
1,0,0,13.220338983050848,1
0,0,0,16.90721649484536,1
1,0,0,16.32286995515695,1
1,0,0,15.123456790123457,1
1,0,0,15.670103092783505,1
0,0,0,16.166666666666668,1
1,1,0,16.0,1
1,1,0,15.8,1
1,1,0,15.654008438818565,1
1,1,0,15.742092457420924,1
1,0,0,15.572519083969464,1
1,0,0,15.896103896103897,1
1,0,0,14.773869346733669,1
0,0,0,12.148148148148149,1
0,0,0,11.452991452991451,1
0,0,0,12.411067193675889,1
0,0,0,12.552301255230125,1
0,0,0,9.875,1
0,0,0,11.50214592274678,1
0,0,0,12.077294685990339,1
0,0,0,11.481481481481481,1
0,0,0,11.181818181818182,1
1,0,1,15.50561797752809,1
1,0,1,15.50561797752809,1
0,0,0,15.676300578034683,1
1,1,0,15.709090909090907,1
1,0,1,15.333333333333334,1
1,1,0,14.852941176470589,1
1,0,0,16.231884057971016,1
0,0,0,15.952380952380953,1
0,0,0,11.608391608391608,1
0,0,0,10.32258064516129,1
0,0,0,9.836065573770492,1
0,0,0,10.476190476190476,1
0,0,0,11.690140845070422,1
0,0,0,10.0,1
0,0,0,12.872340425531913,1
0,0,0,10.895522388059701,1
0,0,0,11.194029850746269,1
0,0,0,10.0,1
0,0,0,10.67669172932331,1
0,0,0,12.207792207792208,1
1,0,0,16.032608695652172,1
1,0,0,15.81081081081081,1
0,0,0,14.82545184451597,1
0,0,0,15.04654581087702,1
0,0,0,15.266272189349113,1
0,0,0,14.740078256008944,1
0,0,0,14.7624371157071,1
0,0,0,14.687232219365896,1
0,0,0,14.608891389983118,1
0,0,0,12.857142857142858,1
0,0,0,8.333333333333334,1
0,0,0,8.979591836734693,1
1,0,0,15.601659751037344,1
0,0,0,16.470588235294116,1
1,0,0,14.905263157894737,1
0,0,0,15.773535220539829,1
0,0,0,15.808219178082192,1
1,1,0,16.11111111111111,1
1,0,0,15.783783783783784,1
0,0,0,12.631578947368421,1
0,0,0,10.769230769230768,1
0,0,0,12.460732984293195,1
0,0,0,12.871287128712872,1
1,0,0,15.95307917888563,1
0,0,0,13.365853658536587,1
0,0,0,13.08108108108108,1
0,0,0,12.941176470588236,1
0,0,0,13.100000000000001,1
0,0,0,13.298969072164947,1
0,0,0,13.0,1
0,0,0,12.275132275132275,1
0,0,0,11.310344827586206,1
0,0,0,15.444685466377441,1
1,0,0,15.714285714285714,1
1,0,0,16.009334889148192,1
0,0,0,16.047904191616766,1
1,0,0,15.084175084175085,1
1,0,0,16.106194690265486,1
1,0,0,15.46218487394958,1
1,0,0,15.904761904761903,1
1,0,0,16.290322580645164,1
1,0,0,15.789473684210527,1
1,0,0,15.612244897959185,1
0,1,0,13.596491228070175,1
1,0,0,14.579439252336448,1
1,0,0,14.579439252336448,1
1,0,0,15.076335877862594,1
1,0,0,15.050709939148073,1
0,0,0,14.917491749174918,1
1,0,0,15.652173913043478,1
0,0,0,15.914249684741488,1
0,0,0,15.95897435897436,1
0,0,0,15.95897435897436,1
0,0,0,15.737199259716224,1
0,0,0,15.268817204301076,1
1,1,0,16.27906976744186,1
1,2,0,14.93383742911153,1
1,0,0,15.585284280936456,1
0,0,0,15.64625850340136,1
1,0,0,15.963302752293577,1
0,0,0,15.193798449612403,1
1,0,0,15.8008658008658,1
1,0,0,15.494880546075084,1
1,0,0,15.239786856127886,1
0,0,2,15.081967213114753,1
0,0,2,15.05938242280285,1
1,1,0,16.206088992974237,1
1,1,0,16.206088992974237,1
0,0,0,14.20479302832244,1
1,0,0,15.7396449704142,1
1,0,0,15.40909090909091,1
1,0,0,15.540229885057471,1
1,0,0,14.523809523809524,1
1,0,0,15.384615384615385,1
1,0,0,14.57286432160804,1
1,0,0,16.470588235294116,1
1,0,0,16.274509803921568,1
1,0,0,14.743589743589745,1
1,0,0,15.058823529411764,1
1,0,0,16.10332103321033,1
1,0,0,11.200000000000001,1
1,0,0,15.753968253968253,1
1,0,0,15.833333333333332,1
0,0,0,15.660377358490567,1
1,0,0,16.09841827768014,1
0,0,0,14.693877551020408,1
1,0,0,16.285714285714285,1
1,0,0,15.72972972972973,1
1,0,0,16.571428571428573,1
1,0,0,16.33587786259542,1
1,0,0,16.13013698630137,1
1,4,0,15.756207674943568,1
1,3,0,15.679702048417132,1
1,3,0,15.866666666666667,1
1,0,0,16.166134185303513,1
1,0,0,15.979899497487438,1
1,0,0,15.854700854700853,1
1,0,0,15.809128630705393,1
1,0,0,15.820895522388058,1
1,0,0,15.28957528957529,1
1,0,0,15.870445344129555,1
1,0,0,15.555555555555555,1
0,0,0,14.857142857142858,1
1,0,0,15.702479338842977,1
1,0,0,16.037735849056606,1
0,0,0,14.25,1
1,0,0,15.718432510885341,1
1,0,0,15.678627145085803,1
1,0,0,15.84688995215311,1
1,0,0,16.875,1
1,0,0,16.067101584342964,1
1,2,0,15.97938144329897,1
1,0,0,15.529411764705882,1
1,0,0,15.362663495838287,1
1,0,0,16.02076124567474,1
1,0,0,16.10878661087866,1
1,0,0,16.05839416058394,1
1,0,0,16.168582375478927,1
1,0,0,16.09657947686117,1
1,0,0,16.073619631901842,1
1,0,0,15.555555555555555,1
1,1,0,15.0,1
0,0,0,15.121951219512194,1
0,0,0,12.368421052631579,1
0,0,0,12.368421052631579,1
0,0,0,12.966101694915256,1
0,0,0,13.81679389312977,1
0,0,0,12.254901960784315,1
0,0,0,12.12962962962963,1
0,0,0,12.882882882882882,1
0,0,0,12.583333333333332,1
0,0,0,12.416666666666668,1
0,0,0,13.81679389312977,1
0,0,0,13.529411764705884,1
0,0,0,12.983870967741936,1
0,0,0,12.135922330097086,1
0,0,0,13.507462686567164,1
1,0,0,15.660377358490567,1
1,0,0,15.678092399403877,1
1,0,0,15.485996705107084,1
1,0,0,15.384615384615385,1
1,0,0,15.74712643678161,1
1,0,0,16.46666666666667,1
1,1,0,16.406995230524643,1
1,2,0,15.636363636363637,1
1,0,0,15.324675324675326,1
1,0,0,15.38961038961039,1
1,0,0,15.946348733233979,1
0,1,0,15.8,1
1,0,0,15.838709677419356,1
1,0,0,16.087912087912088,1
1,0,0,15.99067599067599,1
1,0,0,15.831381733021077,1
1,0,0,14.166666666666668,1
1,0,0,14.285714285714286,1
1,0,0,14.761904761904763,1
1,0,0,14.883720930232558,1
1,0,0,14.015748031496063,1
1,2,0,16.236162361623617,1
1,2,0,16.019900497512438,1
1,2,0,16.257309941520468,1
1,0,0,13.692307692307693,1
1,0,0,14.624277456647398,1
1,0,0,13.943661971830984,1
0,0,0,15.488721804511279,1
0,0,0,15.170454545454547,1
1,0,0,15.443037974683545,1
1,0,1,16.169265033407573,1
0,0,0,14.20479302832244,1
1,0,0,14.883720930232558,1
1,0,0,15.529411764705882,1
1,0,0,14.964028776978417,1
1,0,0,16.229508196721312,1
1,0,0,16.2890625,1
1,0,0,15.688622754491018,1
1,0,0,15.837563451776651,1
1,0,0,15.643044619422572,1
1,0,0,13.220338983050848,1
1,0,0,14.766355140186915,1
0,0,0,15.88785046728972,1
0,0,0,15.714285714285714,1
1,0,0,14.951284322409212,1
1,0,1,15.527318932655653,1
1,0,0,15.836734693877549,1
0,4,0,16.369313113291703,1
1,0,0,16.65706051873199,1
1,0,0,15.384615384615385,1
1,0,0,15.70048309178744,1
1,0,0,15.755627009646302,1
1,0,0,15.287221570926144,1
1,2,0,12.844036697247708,1
1,0,0,15.38860103626943,1
0,0,0,11.88679245283019,1
0,0,0,13.201581027667984,1
0,0,0,12.8,1
0,0,0,13.223140495867769,1
0,0,0,12.48062015503876,1
0,0,0,11.981132075471699,1
0,0,0,13.568904593639576,1
0,0,0,12.757201646090534,1
0,0,0,14.080459770114942,1
0,0,0,12.546583850931675,1
0,0,0,13.670886075949367,1
0,0,0,12.062256809338521,1
0,0,0,12.426470588235293,1
0,0,0,12.608695652173914,1
0,0,0,12.249134948096884,1
0,0,0,12.249134948096884,1
1,0,0,16.238532110091743,1
1,0,0,16.048632218844986,1
1,0,0,16.263736263736263,1
1,0,0,15.838926174496644,1
1,0,0,16.506024096385545,1
1,0,0,15.698924731182796,1
1,0,0,15.529411764705882,1
1,0,0,15.670103092783505,1
1,0,0,15.670103092783505,1
1,0,0,16.071428571428573,1
1,0,0,15.277777777777777,1
1,0,0,15.576923076923077,1
1,0,0,15.50561797752809,1
1,1,0,15.452716297786719,1
1,1,0,15.46583850931677,1
1,0,0,14.634146341463413,1
1,0,0,16.8,1
1,0,0,15.183673469387756,1
0,0,0,15.326086956521738,1
1,0,0,15.117647058823529,1
0,6,2,13.688826521662866,1
1,0,0,16.551724137931036,1
1,0,0,15.473515248796147,1
1,0,0,15.714285714285714,1
1,0,0,15.481611208406305,1
1,0,0,15.412844036697248,1
1,0,0,14.91638795986622,1
1,0,0,15.501730103806228,1
1,0,0,15.570934256055365,1
0,0,0,11.527093596059112,1
0,0,0,11.523809523809522,1
0,0,0,12.698412698412698,1
0,0,0,13.223140495867769,1
0,0,0,11.88679245283019,1
0,0,0,12.8,1
0,0,0,12.195121951219512,1
0,0,0,13.568904593639576,1
0,0,0,13.96103896103896,1
0,0,0,12.062256809338521,1
0,0,0,11.5625,1
0,0,0,12.692307692307692,1
0,0,0,11.981132075471699,1
0,0,0,12.608695652173914,1
0,0,0,11.091703056768559,1
0,0,0,11.091703056768559,1
0,0,0,14.948453608247423,1
1,0,0,15.734720416124837,1
1,0,0,15.78544061302682,1
1,0,0,14.705882352941178,1
1,0,0,16.595744680851062,1
1,0,0,15.754857997010463,1
1,0,0,15.326315789473684,1
0,0,0,15.0,1
1,0,0,15.50561797752809,1
0,0,0,13.62958359229335,1
0,0,0,13.62958359229335,1
0,0,0,13.488372093023255,1
0,0,0,13.621933621933621,1
0,0,0,13.789329685362517,1
0,0,0,13.775933609958507,1
0,0,0,13.954116059379217,1
0,0,0,13.762517882689556,1
0,0,0,13.518518518518519,1
0,0,0,14.487989886219975,1
0,0,0,14.567307692307692,1
1,0,0,15.49090909090909,1
1,0,0,15.56338028169014,1
1,0,0,15.56338028169014,1
1,0,0,15.56338028169014,1
0,0,0,15.0,1
0,0,0,13.30817610062893,1
0,0,0,13.30817610062893,1
